Mes, Dia, Ano, Hora, Minutos, Dia da semana
7,24,2018,16,0,3
7,24,2018,17,0,3
7,24,2018,18,0,3
7,24,2018,19,0,3
7,24,2018,20,0,3
7,24,2018,21,0,3
7,24,2018,22,0,3
7,24,2018,23,0,3
7,25,2018,0,0,4
7,25,2018,1,0,4
7,25,2018,2,0,4
7,25,2018,3,0,4
7,25,2018,4,0,4
7,25,2018,5,0,4
7,25,2018,6,0,4
7,25,2018,7,0,4
7,25,2018,8,0,4
7,25,2018,9,0,4
7,25,2018,10,0,4
7,25,2018,11,0,4
7,25,2018,12,0,4
7,25,2018,13,0,4
7,25,2018,14,0,4
7,25,2018,15,0,4
7,25,2018,16,0,4
7,25,2018,17,0,4
7,25,2018,18,0,4
7,25,2018,19,0,4
7,25,2018,20,0,4
7,25,2018,21,0,4
7,25,2018,22,0,4
7,25,2018,23,0,4
7,26,2018,0,0,5
7,26,2018,1,0,5
7,26,2018,2,0,5
7,26,2018,3,0,5
7,26,2018,4,0,5
7,26,2018,5,0,5
7,26,2018,6,0,5
7,26,2018,7,0,5
7,26,2018,8,0,5
7,26,2018,9,0,5
7,26,2018,10,0,5
7,26,2018,11,0,5
7,26,2018,12,0,5
7,26,2018,13,0,5
7,26,2018,14,0,5
7,26,2018,15,0,5
7,26,2018,16,0,5
7,26,2018,17,0,5
7,26,2018,18,0,5
7,26,2018,19,0,5
7,26,2018,20,0,5
7,26,2018,21,0,5
7,26,2018,22,0,5
7,26,2018,23,0,5
7,27,2018,0,0,6
7,27,2018,1,0,6
7,27,2018,2,0,6
7,27,2018,3,0,6
7,27,2018,4,0,6
7,27,2018,5,0,6
7,27,2018,6,0,6
7,27,2018,7,0,6
7,27,2018,8,0,6
7,27,2018,9,0,6
7,27,2018,10,0,6
7,27,2018,11,0,6
7,27,2018,12,0,6
7,27,2018,13,0,6
7,27,2018,14,0,6
7,27,2018,15,0,6
7,27,2018,16,0,6
7,27,2018,17,0,6
7,27,2018,18,0,6
7,27,2018,19,0,6
7,27,2018,20,0,6
7,27,2018,21,0,6
7,27,2018,22,0,6
7,27,2018,23,0,6
7,28,2018,0,0,7
7,28,2018,1,0,7
7,28,2018,2,0,7
7,28,2018,3,0,7
7,28,2018,4,0,7
7,28,2018,5,0,7
7,28,2018,6,0,7
7,28,2018,7,0,7
7,28,2018,8,0,7
7,28,2018,9,0,7
7,28,2018,10,0,7
7,28,2018,11,0,7
7,28,2018,12,0,7
7,28,2018,13,0,7
7,28,2018,14,0,7
7,28,2018,15,0,7
7,28,2018,16,0,7
7,28,2018,17,0,7
7,28,2018,18,0,7
7,28,2018,19,0,7
7,28,2018,20,0,7
7,28,2018,21,0,7
7,28,2018,22,0,7
7,28,2018,23,0,7
7,29,2018,0,0,8
7,29,2018,1,0,8
7,29,2018,2,0,8
7,29,2018,3,0,8
7,29,2018,4,0,8
7,29,2018,5,0,8
7,29,2018,6,0,8
7,29,2018,7,0,8
7,29,2018,8,0,8
7,29,2018,9,0,8
7,29,2018,10,0,8
7,29,2018,11,0,8
7,29,2018,12,0,8
7,29,2018,13,0,8
7,29,2018,14,0,8
7,29,2018,15,0,8
7,29,2018,16,0,8
7,29,2018,17,0,8
7,29,2018,18,0,8
7,29,2018,19,0,8
7,29,2018,20,0,8
7,29,2018,21,0,8
7,29,2018,22,0,8
7,29,2018,23,0,8
7,30,2018,0,0,2
7,30,2018,1,0,2
7,30,2018,2,0,2
7,30,2018,3,0,2
7,30,2018,4,0,2
7,30,2018,5,0,2
7,30,2018,6,0,2
7,30,2018,7,0,2
7,30,2018,8,0,2
7,30,2018,9,0,2
7,30,2018,10,0,2
7,30,2018,11,0,2
7,30,2018,12,0,2
7,30,2018,13,0,2
7,30,2018,14,0,2
7,30,2018,15,0,2
7,30,2018,16,0,2
7,30,2018,17,0,2
7,30,2018,18,0,2
7,30,2018,19,0,2
7,30,2018,20,0,2
7,30,2018,21,0,2
7,30,2018,22,0,2
7,30,2018,23,0,2
7,31,2018,0,0,3
7,31,2018,1,0,3
7,31,2018,2,0,3
7,31,2018,3,0,3
7,31,2018,4,0,3
7,31,2018,5,0,3
7,31,2018,6,0,3
7,31,2018,7,0,3
7,31,2018,8,0,3
7,31,2018,9,0,3
7,31,2018,10,0,3
7,31,2018,11,0,3
7,31,2018,12,0,3
7,31,2018,13,0,3
7,31,2018,14,0,3
7,31,2018,15,0,3
7,31,2018,16,0,3
7,31,2018,17,0,3
7,31,2018,18,0,3
7,31,2018,19,0,3
7,31,2018,20,0,3
7,31,2018,21,0,3
7,31,2018,22,0,3
7,31,2018,23,0,3
8,1,2018,0,0,4
8,1,2018,1,0,4
8,1,2018,2,0,4
8,1,2018,3,0,4
8,1,2018,4,0,4
8,1,2018,5,0,4
8,1,2018,6,0,4
8,1,2018,7,0,4
8,1,2018,8,0,4
8,1,2018,9,0,4
8,1,2018,10,0,4
8,1,2018,11,0,4
8,1,2018,12,0,4
8,1,2018,13,0,4
8,1,2018,14,0,4
8,1,2018,15,0,4
8,1,2018,16,0,4
8,1,2018,17,0,4
8,1,2018,18,0,4
8,1,2018,19,0,4
8,1,2018,20,0,4
8,1,2018,21,0,4
8,1,2018,22,0,4
8,1,2018,23,0,4
8,2,2018,0,0,5
8,2,2018,1,0,5
8,2,2018,2,0,5
8,2,2018,3,0,5
8,2,2018,4,0,5
8,2,2018,5,0,5
8,2,2018,6,0,5
8,2,2018,7,0,5
8,2,2018,8,0,5
8,2,2018,9,0,5
8,2,2018,10,0,5
8,2,2018,11,0,5
8,2,2018,12,0,5
8,2,2018,13,0,5
8,2,2018,14,0,5
8,2,2018,15,0,5
8,2,2018,16,0,5
8,2,2018,17,0,5
8,2,2018,18,0,5
8,2,2018,19,0,5
8,2,2018,20,0,5
8,2,2018,21,0,5
8,2,2018,22,0,5
8,2,2018,23,0,5
8,3,2018,0,0,6
8,3,2018,1,0,6
8,3,2018,2,0,6
8,3,2018,3,0,6
8,3,2018,4,0,6
8,3,2018,5,0,6
8,3,2018,6,0,6
8,3,2018,7,0,6
8,3,2018,8,0,6
8,3,2018,9,0,6
8,3,2018,10,0,6
8,3,2018,11,0,6
8,3,2018,12,0,6
8,3,2018,13,0,6
8,3,2018,14,0,6
8,3,2018,15,0,6
8,3,2018,16,0,6
8,3,2018,17,0,6
8,3,2018,18,0,6
8,3,2018,19,0,6
8,3,2018,20,0,6
8,3,2018,21,0,6
8,3,2018,22,0,6
8,3,2018,23,0,6
8,4,2018,0,0,7
8,4,2018,1,0,7
8,4,2018,2,0,7
8,4,2018,3,0,7
8,4,2018,4,0,7
8,4,2018,5,0,7
8,4,2018,6,0,7
8,4,2018,7,0,7
8,4,2018,8,0,7
8,4,2018,9,0,7
8,4,2018,10,0,7
8,4,2018,11,0,7
8,4,2018,12,0,7
8,4,2018,13,0,7
8,4,2018,14,0,7
8,4,2018,15,0,7
8,4,2018,16,0,7
8,4,2018,17,0,7
8,4,2018,18,0,7
8,4,2018,19,0,7
8,4,2018,20,0,7
8,4,2018,21,0,7
8,4,2018,22,0,7
8,4,2018,23,0,7
8,5,2018,0,0,8
8,5,2018,1,0,8
8,5,2018,2,0,8
8,5,2018,3,0,8
8,5,2018,4,0,8
8,5,2018,5,0,8
8,5,2018,6,0,8
8,5,2018,7,0,8
8,5,2018,8,0,8
8,5,2018,9,0,8
8,5,2018,10,0,8
8,5,2018,11,0,8
8,5,2018,12,0,8
8,5,2018,13,0,8
8,5,2018,14,0,8
8,5,2018,15,0,8
8,5,2018,16,0,8
8,5,2018,17,0,8
8,5,2018,18,0,8
8,5,2018,19,0,8
8,5,2018,20,0,8
8,5,2018,21,0,8
8,5,2018,22,0,8
8,5,2018,23,0,8
8,6,2018,0,0,2
8,6,2018,1,0,2
8,6,2018,2,0,2
8,6,2018,3,0,2
8,6,2018,4,0,2
8,6,2018,5,0,2
8,6,2018,6,0,2
8,6,2018,7,0,2
8,6,2018,8,0,2
8,6,2018,9,0,2
8,6,2018,10,0,2
8,6,2018,11,0,2
8,6,2018,12,0,2
8,6,2018,13,0,2
8,6,2018,14,0,2
8,6,2018,15,0,2
8,6,2018,16,0,2
8,6,2018,17,0,2
8,6,2018,18,0,2
8,6,2018,19,0,2
8,6,2018,20,0,2
8,6,2018,21,0,2
8,6,2018,22,0,2
8,6,2018,23,0,2
8,7,2018,0,0,3
8,7,2018,1,0,3
8,7,2018,2,0,3
8,7,2018,3,0,3
8,7,2018,4,0,3
8,7,2018,5,0,3
8,7,2018,6,0,3
8,7,2018,7,0,3
8,7,2018,8,0,3
8,7,2018,9,0,3
8,7,2018,10,0,3
8,7,2018,11,0,3
8,7,2018,12,0,3
8,7,2018,13,0,3
8,7,2018,14,0,3
8,7,2018,15,0,3
8,7,2018,16,0,3
8,7,2018,17,0,3
8,7,2018,18,0,3
8,7,2018,19,0,3
8,7,2018,20,0,3
8,7,2018,21,0,3
8,7,2018,22,0,3
8,7,2018,23,0,3
8,8,2018,0,0,4
8,8,2018,1,0,4
8,8,2018,2,0,4
8,8,2018,3,0,4
8,8,2018,4,0,4
8,8,2018,5,0,4
8,8,2018,6,0,4
8,8,2018,7,0,4
8,8,2018,8,0,4
8,8,2018,9,0,4
8,8,2018,10,0,4
8,8,2018,11,0,4
8,8,2018,12,0,4
8,8,2018,13,0,4
8,8,2018,14,0,4
8,8,2018,15,0,4
8,8,2018,16,0,4
8,8,2018,17,0,4
8,8,2018,18,0,4
8,8,2018,19,0,4
8,8,2018,20,0,4
8,8,2018,21,0,4
8,8,2018,22,0,4
8,8,2018,23,0,4
8,9,2018,0,0,5
8,9,2018,1,0,5
8,9,2018,2,0,5
8,9,2018,3,0,5
8,9,2018,4,0,5
8,9,2018,5,0,5
8,9,2018,6,0,5
8,9,2018,7,0,5
8,9,2018,8,0,5
8,9,2018,9,0,5
8,9,2018,10,0,5
8,9,2018,11,0,5
8,9,2018,12,0,5
8,9,2018,13,0,5
8,9,2018,14,0,5
8,9,2018,15,0,5
8,9,2018,16,0,5
8,9,2018,17,0,5
8,9,2018,18,0,5
8,9,2018,19,0,5
8,9,2018,20,0,5
8,9,2018,21,0,5
8,9,2018,22,0,5
8,9,2018,23,0,5
8,10,2018,0,0,6
8,10,2018,1,0,6
8,10,2018,2,0,6
8,10,2018,3,0,6
8,10,2018,4,0,6
8,10,2018,5,0,6
8,10,2018,6,0,6
8,10,2018,7,0,6
8,10,2018,8,0,6
8,10,2018,9,0,6
8,10,2018,10,0,6
8,10,2018,11,0,6
8,10,2018,12,0,6
8,10,2018,13,0,6
8,10,2018,14,0,6
8,10,2018,15,0,6
8,10,2018,16,0,6
8,10,2018,17,0,6
8,10,2018,18,0,6
8,10,2018,19,0,6
8,10,2018,20,0,6
8,10,2018,21,0,6
8,10,2018,22,0,6
8,10,2018,23,0,6
8,11,2018,0,0,7
8,11,2018,1,0,7
8,11,2018,2,0,7
8,11,2018,3,0,7
8,11,2018,4,0,7
8,11,2018,5,0,7
8,11,2018,6,0,7
8,11,2018,7,0,7
8,11,2018,8,0,7
8,11,2018,9,0,7
8,11,2018,10,0,7
8,11,2018,11,0,7
8,11,2018,12,0,7
8,11,2018,13,0,7
8,11,2018,14,0,7
8,11,2018,15,0,7
8,11,2018,16,0,7
8,11,2018,17,0,7
8,11,2018,18,0,7
8,11,2018,19,0,7
8,11,2018,20,0,7
8,11,2018,21,0,7
8,11,2018,22,0,7
8,11,2018,23,0,7
8,12,2018,0,0,8
8,12,2018,1,0,8
8,12,2018,2,0,8
8,12,2018,3,0,8
8,12,2018,4,0,8
8,12,2018,5,0,8
8,12,2018,6,0,8
8,12,2018,7,0,8
8,12,2018,8,0,8
8,12,2018,9,0,8
8,12,2018,10,0,8
8,12,2018,11,0,8
8,12,2018,12,0,8
8,12,2018,13,0,8
8,12,2018,14,0,8
8,12,2018,15,0,8
8,12,2018,16,0,8
8,12,2018,17,0,8
8,12,2018,18,0,8
8,12,2018,19,0,8
8,12,2018,20,0,8
8,12,2018,21,0,8
8,12,2018,22,0,8
8,12,2018,23,0,8
8,13,2018,0,0,2
8,13,2018,1,0,2
8,13,2018,2,0,2
8,13,2018,3,0,2
8,13,2018,4,0,2
8,13,2018,5,0,2
8,13,2018,6,0,2
8,13,2018,7,0,2
8,13,2018,8,0,2
8,13,2018,9,0,2
8,13,2018,10,0,2
8,13,2018,11,0,2
8,13,2018,12,0,2
8,13,2018,13,0,2
8,13,2018,14,0,2
8,13,2018,15,0,2
8,13,2018,16,0,2
8,13,2018,17,0,2
8,13,2018,18,0,2
8,13,2018,19,0,2
8,13,2018,20,0,2
8,13,2018,21,0,2
8,13,2018,22,0,2
8,13,2018,23,0,2
8,14,2018,0,0,3
8,14,2018,1,0,3
8,14,2018,2,0,3
8,14,2018,3,0,3
8,14,2018,4,0,3
8,14,2018,5,0,3
8,14,2018,6,0,3
8,14,2018,7,0,3
8,14,2018,8,0,3
8,14,2018,9,0,3
8,14,2018,10,0,3
8,14,2018,11,0,3
8,14,2018,12,0,3
8,14,2018,13,0,3
8,14,2018,14,0,3
8,14,2018,15,0,3
8,14,2018,16,0,3
8,14,2018,17,0,3
8,14,2018,18,0,3
8,14,2018,19,0,3
8,14,2018,20,0,3
8,14,2018,21,0,3
8,14,2018,22,0,3
8,14,2018,23,0,3
8,15,2018,0,0,4
8,15,2018,1,0,4
8,15,2018,2,0,4
8,15,2018,3,0,4
8,15,2018,4,0,4
8,15,2018,5,0,4
8,15,2018,6,0,4
8,15,2018,7,0,4
8,15,2018,8,0,4
8,15,2018,9,0,4
8,15,2018,10,0,4
8,15,2018,11,0,4
8,15,2018,12,0,4
8,15,2018,13,0,4
8,15,2018,14,0,4
8,15,2018,15,0,4
8,15,2018,16,0,4
8,15,2018,17,0,4
8,15,2018,18,0,4
8,15,2018,19,0,4
8,15,2018,20,0,4
8,15,2018,21,0,4
8,15,2018,22,0,4
8,15,2018,23,0,4
8,16,2018,0,0,5
8,16,2018,1,0,5
8,16,2018,2,0,5
8,16,2018,3,0,5
8,16,2018,4,0,5
8,16,2018,5,0,5
8,16,2018,6,0,5
8,16,2018,7,0,5
8,16,2018,8,0,5
8,16,2018,9,0,5
8,16,2018,10,0,5
8,16,2018,11,0,5
8,16,2018,12,0,5
8,16,2018,13,0,5
8,16,2018,14,0,5
8,16,2018,15,0,5
8,16,2018,16,0,5
8,16,2018,17,0,5
8,16,2018,18,0,5
8,16,2018,19,0,5
8,16,2018,20,0,5
8,16,2018,21,0,5
8,16,2018,22,0,5
8,16,2018,23,0,5
8,17,2018,0,0,6
8,17,2018,1,0,6
8,17,2018,2,0,6
8,17,2018,3,0,6
8,17,2018,4,0,6
8,17,2018,5,0,6
8,17,2018,6,0,6
8,17,2018,7,0,6
8,17,2018,8,0,6
8,17,2018,9,0,6
8,17,2018,10,0,6
8,17,2018,11,0,6
8,17,2018,12,0,6
8,17,2018,13,0,6
8,17,2018,14,0,6
8,17,2018,15,0,6
8,17,2018,16,0,6
8,17,2018,17,0,6
8,17,2018,18,0,6
8,17,2018,19,0,6
8,17,2018,20,0,6
8,17,2018,21,0,6
8,17,2018,22,0,6
8,17,2018,23,0,6
8,18,2018,0,0,7
8,18,2018,1,0,7
8,18,2018,2,0,7
8,18,2018,3,0,7
8,18,2018,4,0,7
8,18,2018,5,0,7
8,18,2018,6,0,7
8,18,2018,7,0,7
8,18,2018,8,0,7
8,18,2018,9,0,7
8,18,2018,10,0,7
8,18,2018,11,0,7
8,18,2018,12,0,7
8,18,2018,13,0,7
8,18,2018,14,0,7
8,18,2018,15,0,7
8,18,2018,16,0,7
8,18,2018,17,0,7
8,18,2018,18,0,7
8,18,2018,19,0,7
8,18,2018,20,0,7
8,18,2018,21,0,7
8,18,2018,22,0,7
8,18,2018,23,0,7
8,19,2018,0,0,8
8,19,2018,1,0,8
8,19,2018,2,0,8
8,19,2018,3,0,8
8,19,2018,4,0,8
8,19,2018,5,0,8
8,19,2018,6,0,8
8,19,2018,7,0,8
8,19,2018,8,0,8
8,19,2018,9,0,8
8,19,2018,10,0,8
8,19,2018,11,0,8
8,19,2018,12,0,8
8,19,2018,13,0,8
8,19,2018,14,0,8
8,19,2018,15,0,8
8,19,2018,16,0,8
8,19,2018,17,0,8
8,19,2018,18,0,8
8,19,2018,19,0,8
8,19,2018,20,0,8
8,19,2018,21,0,8
8,19,2018,22,0,8
8,19,2018,23,0,8
8,20,2018,0,0,2
8,20,2018,1,0,2
8,20,2018,2,0,2
8,20,2018,3,0,2
8,20,2018,4,0,2
8,20,2018,5,0,2
8,20,2018,6,0,2
8,20,2018,7,0,2
8,20,2018,8,0,2
8,20,2018,9,0,2
8,20,2018,10,0,2
8,20,2018,11,0,2
8,20,2018,12,0,2
8,20,2018,13,0,2
8,20,2018,14,0,2
8,20,2018,15,0,2
8,20,2018,16,0,2
8,20,2018,17,0,2
8,20,2018,18,0,2
8,20,2018,19,0,2
8,20,2018,20,0,2
8,20,2018,21,0,2
8,20,2018,22,0,2
8,20,2018,23,0,2
8,21,2018,0,0,3
8,21,2018,1,0,3
8,21,2018,2,0,3
8,21,2018,3,0,3
8,21,2018,4,0,3
8,21,2018,5,0,3
8,21,2018,6,0,3
8,21,2018,7,0,3
8,21,2018,8,0,3
8,21,2018,9,0,3
8,21,2018,10,0,3
8,21,2018,11,0,3
8,21,2018,12,0,3
8,21,2018,13,0,3
8,21,2018,14,0,3
8,21,2018,15,0,3
8,21,2018,16,0,3
8,21,2018,17,0,3
8,21,2018,18,0,3
8,21,2018,19,0,3
8,21,2018,20,0,3
8,21,2018,21,0,3
8,21,2018,22,0,3
8,21,2018,23,0,3
8,22,2018,0,0,4
8,22,2018,1,0,4
8,22,2018,2,0,4
8,22,2018,3,0,4
8,22,2018,4,0,4
8,22,2018,5,0,4
8,22,2018,6,0,4
8,22,2018,7,0,4
8,22,2018,8,0,4
8,22,2018,9,0,4
8,22,2018,10,0,4
8,22,2018,11,0,4
8,22,2018,12,0,4
8,22,2018,13,0,4
8,22,2018,14,0,4
8,22,2018,15,0,4
8,22,2018,16,0,4
8,22,2018,17,0,4
8,22,2018,18,0,4
8,22,2018,19,0,4
8,22,2018,20,0,4
8,22,2018,21,0,4
8,22,2018,22,0,4
8,22,2018,23,0,4
8,23,2018,0,0,5
8,23,2018,1,0,5
8,23,2018,2,0,5
8,23,2018,3,0,5
8,23,2018,4,0,5
8,23,2018,5,0,5
8,23,2018,6,0,5
8,23,2018,7,0,5
8,23,2018,8,0,5
8,23,2018,9,0,5
8,23,2018,10,0,5
8,23,2018,11,0,5
8,23,2018,12,0,5
8,23,2018,13,0,5
8,23,2018,14,0,5
8,23,2018,15,0,5
8,23,2018,16,0,5
8,23,2018,17,0,5
8,23,2018,18,0,5
8,23,2018,19,0,5
8,23,2018,20,0,5
8,23,2018,21,0,5
8,23,2018,22,0,5
8,23,2018,23,0,5
8,24,2018,0,0,6
8,24,2018,1,0,6
8,24,2018,2,0,6
8,24,2018,3,0,6
8,24,2018,4,0,6
8,24,2018,5,0,6
8,24,2018,6,0,6
8,24,2018,7,0,6
8,24,2018,8,0,6
8,24,2018,9,0,6
8,24,2018,10,0,6
8,24,2018,11,0,6
8,24,2018,12,0,6
8,24,2018,13,0,6
8,24,2018,14,0,6
8,24,2018,15,0,6
8,24,2018,16,0,6
8,24,2018,17,0,6
8,24,2018,18,0,6
8,24,2018,19,0,6
8,24,2018,20,0,6
8,24,2018,21,0,6
8,24,2018,22,0,6
8,24,2018,23,0,6
8,25,2018,0,0,7
8,25,2018,1,0,7
8,25,2018,2,0,7
8,25,2018,3,0,7
8,25,2018,4,0,7
8,25,2018,5,0,7
8,25,2018,6,0,7
8,25,2018,7,0,7
8,25,2018,8,0,7
8,25,2018,9,0,7
8,25,2018,10,0,7
8,25,2018,11,0,7
8,25,2018,12,0,7
8,25,2018,13,0,7
8,25,2018,14,0,7
8,25,2018,15,0,7
8,25,2018,16,0,7
8,25,2018,17,0,7
8,25,2018,18,0,7
8,25,2018,19,0,7
8,25,2018,20,0,7
8,25,2018,21,0,7
8,25,2018,22,0,7
8,25,2018,23,0,7
8,26,2018,0,0,8
8,26,2018,1,0,8
8,26,2018,2,0,8
8,26,2018,3,0,8
8,26,2018,4,0,8
8,26,2018,5,0,8
8,26,2018,6,0,8
8,26,2018,7,0,8
8,26,2018,8,0,8
8,26,2018,9,0,8
8,26,2018,10,0,8
8,26,2018,11,0,8
8,26,2018,12,0,8
8,26,2018,13,0,8
8,26,2018,14,0,8
8,26,2018,15,0,8
8,26,2018,16,0,8
8,26,2018,17,0,8
8,26,2018,18,0,8
8,26,2018,19,0,8
8,26,2018,20,0,8
8,26,2018,21,0,8
8,26,2018,22,0,8
8,26,2018,23,0,8
8,27,2018,0,0,2
8,27,2018,1,0,2
8,27,2018,2,0,2
8,27,2018,3,0,2
8,27,2018,4,0,2
8,27,2018,5,0,2
8,27,2018,6,0,2
8,27,2018,7,0,2
8,27,2018,8,0,2
8,27,2018,9,0,2
8,27,2018,10,0,2
8,27,2018,11,0,2
8,27,2018,12,0,2
8,27,2018,13,0,2
8,27,2018,14,0,2
8,27,2018,15,0,2
8,27,2018,16,0,2
8,27,2018,17,0,2
8,27,2018,18,0,2
8,27,2018,19,0,2
8,27,2018,20,0,2
8,27,2018,21,0,2
8,27,2018,22,0,2
8,27,2018,23,0,2
8,28,2018,0,0,3
8,28,2018,1,0,3
8,28,2018,2,0,3
8,28,2018,3,0,3
8,28,2018,4,0,3
8,28,2018,5,0,3
8,28,2018,6,0,3
8,28,2018,7,0,3
8,28,2018,8,0,3
8,28,2018,9,0,3
8,28,2018,10,0,3
8,28,2018,11,0,3
8,28,2018,12,0,3
8,28,2018,13,0,3
8,28,2018,14,0,3
8,28,2018,15,0,3
8,28,2018,16,0,3
8,28,2018,17,0,3
8,28,2018,18,0,3
8,28,2018,19,0,3
8,28,2018,20,0,3
8,28,2018,21,0,3
8,28,2018,22,0,3
8,28,2018,23,0,3
8,29,2018,0,0,4
8,29,2018,1,0,4
8,29,2018,2,0,4
8,29,2018,3,0,4
8,29,2018,4,0,4
8,29,2018,5,0,4
8,29,2018,6,0,4
8,29,2018,7,0,4
8,29,2018,8,0,4
8,29,2018,9,0,4
8,29,2018,10,0,4
8,29,2018,11,0,4
8,29,2018,12,0,4
8,29,2018,13,0,4
8,29,2018,14,0,4
8,29,2018,15,0,4
8,29,2018,16,0,4
8,29,2018,17,0,4
8,29,2018,18,0,4
8,29,2018,19,0,4
8,29,2018,20,0,4
8,29,2018,21,0,4
8,29,2018,22,0,4
8,29,2018,23,0,4
8,30,2018,0,0,5
8,30,2018,1,0,5
8,30,2018,2,0,5
8,30,2018,3,0,5
8,30,2018,4,0,5
8,30,2018,5,0,5
8,30,2018,6,0,5
8,30,2018,7,0,5
8,30,2018,8,0,5
8,30,2018,9,0,5
8,30,2018,10,0,5
8,30,2018,11,0,5
8,30,2018,12,0,5
8,30,2018,13,0,5
8,30,2018,14,0,5
8,30,2018,15,0,5
8,30,2018,16,0,5
8,30,2018,17,0,5
8,30,2018,18,0,5
8,30,2018,19,0,5
8,30,2018,20,0,5
8,30,2018,21,0,5
8,30,2018,22,0,5
8,30,2018,23,0,5
8,31,2018,0,0,6
8,31,2018,1,0,6
8,31,2018,2,0,6
8,31,2018,3,0,6
8,31,2018,4,0,6
8,31,2018,5,0,6
8,31,2018,6,0,6
8,31,2018,7,0,6
8,31,2018,8,0,6
8,31,2018,9,0,6
8,31,2018,10,0,6
8,31,2018,11,0,6
8,31,2018,12,0,6
8,31,2018,13,0,6
8,31,2018,14,0,6
8,31,2018,15,0,6
8,31,2018,16,0,6
8,31,2018,17,0,6
8,31,2018,18,0,6
8,31,2018,19,0,6
8,31,2018,20,0,6
8,31,2018,21,0,6
8,31,2018,22,0,6
8,31,2018,23,0,6
9,1,2018,0,0,7
9,1,2018,1,0,7
9,1,2018,2,0,7
9,1,2018,3,0,7
9,1,2018,4,0,7
9,1,2018,5,0,7
9,1,2018,6,0,7
9,1,2018,7,0,7
9,1,2018,8,0,7
9,1,2018,9,0,7
9,1,2018,10,0,7
9,1,2018,11,0,7
9,1,2018,12,0,7
9,1,2018,13,0,7
9,1,2018,14,0,7
9,1,2018,15,0,7
9,1,2018,16,0,7
9,1,2018,17,0,7
9,1,2018,18,0,7
9,1,2018,19,0,7
9,1,2018,20,0,7
9,1,2018,21,0,7
9,1,2018,22,0,7
9,1,2018,23,0,7
9,2,2018,0,0,8
9,2,2018,1,0,8
9,2,2018,2,0,8
9,2,2018,3,0,8
9,2,2018,4,0,8
9,2,2018,5,0,8
9,2,2018,6,0,8
9,2,2018,7,0,8
9,2,2018,8,0,8
9,2,2018,9,0,8
9,2,2018,10,0,8
9,2,2018,11,0,8
9,2,2018,12,0,8
9,2,2018,13,0,8
9,2,2018,14,0,8
9,2,2018,15,0,8
9,2,2018,16,0,8
9,2,2018,17,0,8
9,2,2018,18,0,8
9,2,2018,19,0,8
9,2,2018,20,0,8
9,2,2018,21,0,8
9,2,2018,22,0,8
9,2,2018,23,0,8
9,3,2018,0,0,2
9,3,2018,1,0,2
9,3,2018,2,0,2
9,3,2018,3,0,2
9,3,2018,4,0,2
9,3,2018,5,0,2
9,3,2018,6,0,2
9,3,2018,7,0,2
9,3,2018,8,0,2
9,3,2018,9,0,2
9,3,2018,10,0,2
9,3,2018,11,0,2
9,3,2018,12,0,2
9,3,2018,13,0,2
9,3,2018,14,0,2
9,3,2018,15,0,2
9,3,2018,16,0,2
9,3,2018,17,0,2
9,3,2018,18,0,2
9,3,2018,19,0,2
9,3,2018,20,0,2
9,3,2018,21,0,2
9,3,2018,22,0,2
9,3,2018,23,0,2
9,4,2018,0,0,3
9,4,2018,1,0,3
9,4,2018,2,0,3
9,4,2018,3,0,3
9,4,2018,4,0,3
9,4,2018,5,0,3
9,4,2018,6,0,3
9,4,2018,7,0,3
9,4,2018,8,0,3
9,4,2018,9,0,3
9,4,2018,10,0,3
9,4,2018,11,0,3
9,4,2018,12,0,3
9,4,2018,13,0,3
9,4,2018,14,0,3
9,4,2018,15,0,3
9,4,2018,16,0,3
9,4,2018,17,0,3
9,4,2018,18,0,3
9,4,2018,19,0,3
9,4,2018,20,0,3
9,4,2018,21,0,3
9,4,2018,22,0,3
9,4,2018,23,0,3
9,5,2018,0,0,4
9,5,2018,1,0,4
9,5,2018,2,0,4
9,5,2018,3,0,4
9,5,2018,4,0,4
9,5,2018,5,0,4
9,5,2018,6,0,4
9,5,2018,7,0,4
9,5,2018,8,0,4
9,5,2018,9,0,4
9,5,2018,10,0,4
9,5,2018,11,0,4
9,5,2018,12,0,4
9,5,2018,13,0,4
9,5,2018,14,0,4
9,5,2018,15,0,4
9,5,2018,16,0,4
9,5,2018,17,0,4
9,5,2018,18,0,4
9,5,2018,19,0,4
9,5,2018,20,0,4
9,5,2018,21,0,4
9,5,2018,22,0,4
9,5,2018,23,0,4
9,6,2018,0,0,5
9,6,2018,1,0,5
9,6,2018,2,0,5
9,6,2018,3,0,5
9,6,2018,4,0,5
9,6,2018,5,0,5
9,6,2018,6,0,5
9,6,2018,7,0,5
9,6,2018,8,0,5
9,6,2018,9,0,5
9,6,2018,10,0,5
9,6,2018,11,0,5
9,6,2018,12,0,5
9,6,2018,13,0,5
9,6,2018,14,0,5
9,6,2018,15,0,5
9,6,2018,16,0,5
9,6,2018,17,0,5
9,6,2018,18,0,5
9,6,2018,19,0,5
9,6,2018,20,0,5
9,6,2018,21,0,5
9,6,2018,22,0,5
9,6,2018,23,0,5
9,7,2018,0,0,6
9,7,2018,1,0,6
9,7,2018,2,0,6
9,7,2018,3,0,6
9,7,2018,4,0,6
9,7,2018,5,0,6
9,7,2018,6,0,6
9,7,2018,7,0,6
9,7,2018,8,0,6
9,7,2018,9,0,6
9,7,2018,10,0,6
9,7,2018,11,0,6
9,7,2018,12,0,6
9,7,2018,13,0,6
9,7,2018,14,0,6
9,7,2018,15,0,6
9,7,2018,16,0,6
9,7,2018,17,0,6
9,7,2018,18,0,6
9,7,2018,19,0,6
9,7,2018,20,0,6
9,7,2018,21,0,6
9,7,2018,22,0,6
9,7,2018,23,0,6
9,8,2018,0,0,7
9,8,2018,1,0,7
9,8,2018,2,0,7
9,8,2018,3,0,7
9,8,2018,4,0,7
9,8,2018,5,0,7
9,8,2018,6,0,7
9,8,2018,7,0,7
9,8,2018,8,0,7
9,8,2018,9,0,7
9,8,2018,10,0,7
9,8,2018,11,0,7
9,8,2018,12,0,7
9,8,2018,13,0,7
9,8,2018,14,0,7
9,8,2018,15,0,7
9,8,2018,16,0,7
9,8,2018,17,0,7
9,8,2018,18,0,7
9,8,2018,19,0,7
9,8,2018,20,0,7
9,8,2018,21,0,7
9,8,2018,22,0,7
9,8,2018,23,0,7
9,9,2018,0,0,8
9,9,2018,1,0,8
9,9,2018,2,0,8
9,9,2018,3,0,8
9,9,2018,4,0,8
9,9,2018,5,0,8
9,9,2018,6,0,8
9,9,2018,7,0,8
9,9,2018,8,0,8
9,9,2018,9,0,8
9,9,2018,10,0,8
9,9,2018,11,0,8
9,9,2018,12,0,8
9,9,2018,13,0,8
9,9,2018,14,0,8
9,9,2018,15,0,8
9,9,2018,16,0,8
9,9,2018,17,0,8
9,9,2018,18,0,8
9,9,2018,19,0,8
9,9,2018,20,0,8
9,9,2018,21,0,8
9,9,2018,22,0,8
9,9,2018,23,0,8
9,10,2018,0,0,2
9,10,2018,1,0,2
9,10,2018,2,0,2
9,10,2018,3,0,2
9,10,2018,4,0,2
9,10,2018,5,0,2
9,10,2018,6,0,2
9,10,2018,7,0,2
9,10,2018,8,0,2
9,10,2018,9,0,2
9,10,2018,10,0,2
9,10,2018,11,0,2
9,10,2018,12,0,2
9,10,2018,13,0,2
9,10,2018,14,0,2
9,10,2018,15,0,2
9,10,2018,16,0,2
9,10,2018,17,0,2
9,10,2018,18,0,2
9,10,2018,19,0,2
9,10,2018,20,0,2
9,10,2018,21,0,2
9,10,2018,22,0,2
9,10,2018,23,0,2
9,11,2018,0,0,3
9,11,2018,1,0,3
9,11,2018,2,0,3
9,11,2018,3,0,3
9,11,2018,4,0,3
9,11,2018,5,0,3
9,11,2018,6,0,3
9,11,2018,7,0,3
9,11,2018,8,0,3
9,11,2018,9,0,3
9,11,2018,10,0,3
9,11,2018,11,0,3
9,11,2018,12,0,3
9,11,2018,13,0,3
9,11,2018,14,0,3
9,11,2018,15,0,3
9,11,2018,16,0,3
9,11,2018,17,0,3
9,11,2018,18,0,3
9,11,2018,19,0,3
9,11,2018,20,0,3
9,11,2018,21,0,3
9,11,2018,22,0,3
9,11,2018,23,0,3
9,12,2018,0,0,4
9,12,2018,1,0,4
9,12,2018,2,0,4
9,12,2018,3,0,4
9,12,2018,4,0,4
9,12,2018,5,0,4
9,12,2018,6,0,4
9,12,2018,7,0,4
9,12,2018,8,0,4
9,12,2018,9,0,4
9,12,2018,10,0,4
9,12,2018,11,0,4
9,12,2018,12,0,4
9,12,2018,13,0,4
9,12,2018,14,0,4
9,12,2018,15,0,4
9,12,2018,16,0,4
9,12,2018,17,0,4
9,12,2018,18,0,4
9,12,2018,19,0,4
9,12,2018,20,0,4
9,12,2018,21,0,4
9,12,2018,22,0,4
9,12,2018,23,0,4
9,13,2018,0,0,5
9,13,2018,1,0,5
9,13,2018,2,0,5
9,13,2018,3,0,5
9,13,2018,4,0,5
9,13,2018,5,0,5
9,13,2018,6,0,5
9,13,2018,7,0,5
9,13,2018,8,0,5
9,13,2018,9,0,5
9,13,2018,10,0,5
9,13,2018,11,0,5
9,13,2018,12,0,5
9,13,2018,13,0,5
9,13,2018,14,0,5
9,13,2018,15,0,5
9,13,2018,16,0,5
9,13,2018,17,0,5
9,13,2018,18,0,5
9,13,2018,19,0,5
9,13,2018,20,0,5
9,13,2018,21,0,5
9,13,2018,22,0,5
9,13,2018,23,0,5
9,14,2018,0,0,6
9,14,2018,1,0,6
9,14,2018,2,0,6
9,14,2018,3,0,6
9,14,2018,4,0,6
9,14,2018,5,0,6
9,14,2018,6,0,6
9,14,2018,7,0,6
9,14,2018,8,0,6
9,14,2018,9,0,6
9,14,2018,10,0,6
9,14,2018,11,0,6
9,14,2018,12,0,6
9,14,2018,13,0,6
9,14,2018,14,0,6
9,14,2018,15,0,6
9,14,2018,16,0,6
9,14,2018,17,0,6
9,14,2018,18,0,6
9,14,2018,19,0,6
9,14,2018,20,0,6
9,14,2018,21,0,6
9,14,2018,22,0,6
9,14,2018,23,0,6
9,15,2018,0,0,7
9,15,2018,1,0,7
9,15,2018,2,0,7
9,15,2018,3,0,7
9,15,2018,4,0,7
9,15,2018,5,0,7
9,15,2018,6,0,7
9,15,2018,7,0,7
9,15,2018,8,0,7
9,15,2018,9,0,7
9,15,2018,10,0,7
9,15,2018,11,0,7
9,15,2018,12,0,7
9,15,2018,13,0,7
9,15,2018,14,0,7
9,15,2018,15,0,7
9,15,2018,16,0,7
9,15,2018,17,0,7
9,15,2018,18,0,7
9,15,2018,19,0,7
9,15,2018,20,0,7
9,15,2018,21,0,7
9,15,2018,22,0,7
9,15,2018,23,0,7
9,16,2018,0,0,8
9,16,2018,1,0,8
9,16,2018,2,0,8
9,16,2018,3,0,8
9,16,2018,4,0,8
9,16,2018,5,0,8
9,16,2018,6,0,8
9,16,2018,7,0,8
9,16,2018,8,0,8
9,16,2018,9,0,8
9,16,2018,10,0,8
9,16,2018,11,0,8
9,16,2018,12,0,8
9,16,2018,13,0,8
9,16,2018,14,0,8
9,16,2018,15,0,8
9,16,2018,16,0,8
9,16,2018,17,0,8
9,16,2018,18,0,8
9,16,2018,19,0,8
9,16,2018,20,0,8
9,16,2018,21,0,8
9,16,2018,22,0,8
9,16,2018,23,0,8
9,17,2018,0,0,2
9,17,2018,1,0,2
9,17,2018,2,0,2
9,17,2018,3,0,2
9,17,2018,4,0,2
9,17,2018,5,0,2
9,17,2018,6,0,2
9,17,2018,7,0,2
9,17,2018,8,0,2
9,17,2018,9,0,2
9,17,2018,10,0,2
9,17,2018,11,0,2
9,17,2018,12,0,2
9,17,2018,13,0,2
9,17,2018,14,0,2
9,17,2018,15,0,2
9,17,2018,16,0,2
9,17,2018,17,0,2
9,17,2018,18,0,2
9,17,2018,19,0,2
9,17,2018,20,0,2
9,17,2018,21,0,2
9,17,2018,22,0,2
9,17,2018,23,0,2
9,18,2018,0,0,3
9,18,2018,1,0,3
9,18,2018,2,0,3
9,18,2018,3,0,3
9,18,2018,4,0,3
9,18,2018,5,0,3
9,18,2018,6,0,3
9,18,2018,7,0,3
9,18,2018,8,0,3
9,18,2018,9,0,3
9,18,2018,10,0,3
9,18,2018,11,0,3
9,18,2018,12,0,3
9,18,2018,13,0,3
9,18,2018,14,0,3
9,18,2018,15,0,3
9,18,2018,16,0,3
9,18,2018,17,0,3
9,18,2018,18,0,3
9,18,2018,19,0,3
9,18,2018,20,0,3
9,18,2018,21,0,3
9,18,2018,22,0,3
9,18,2018,23,0,3
9,19,2018,0,0,4
9,19,2018,1,0,4
9,19,2018,2,0,4
9,19,2018,3,0,4
9,19,2018,4,0,4
9,19,2018,5,0,4
9,19,2018,6,0,4
9,19,2018,7,0,4
9,19,2018,8,0,4
9,19,2018,9,0,4
9,19,2018,10,0,4
9,19,2018,11,0,4
9,19,2018,12,0,4
9,19,2018,13,0,4
9,19,2018,14,0,4
9,19,2018,15,0,4
9,19,2018,16,0,4
9,19,2018,17,0,4
9,19,2018,18,0,4
9,19,2018,19,0,4
9,19,2018,20,0,4
9,19,2018,21,0,4
9,19,2018,22,0,4
9,19,2018,23,0,4
9,20,2018,0,0,5
9,20,2018,1,0,5
9,20,2018,2,0,5
9,20,2018,3,0,5
9,20,2018,4,0,5
9,20,2018,5,0,5
9,20,2018,6,0,5
9,20,2018,7,0,5
9,20,2018,8,0,5
9,20,2018,9,0,5
9,20,2018,10,0,5
9,20,2018,11,0,5
9,20,2018,12,0,5
9,20,2018,13,0,5
9,20,2018,14,0,5
9,20,2018,15,0,5
9,20,2018,16,0,5
9,20,2018,17,0,5
9,20,2018,18,0,5
9,20,2018,19,0,5
9,20,2018,20,0,5
9,20,2018,21,0,5
9,20,2018,22,0,5
9,20,2018,23,0,5
9,21,2018,0,0,6
9,21,2018,1,0,6
9,21,2018,2,0,6
9,21,2018,3,0,6
9,21,2018,4,0,6
9,21,2018,5,0,6
9,21,2018,6,0,6
9,21,2018,7,0,6
9,21,2018,8,0,6
9,21,2018,9,0,6
9,21,2018,10,0,6
9,21,2018,11,0,6
9,21,2018,12,0,6
9,21,2018,13,0,6
9,21,2018,14,0,6
9,21,2018,15,0,6
9,21,2018,16,0,6
9,21,2018,17,0,6
9,21,2018,18,0,6
9,21,2018,19,0,6
9,21,2018,20,0,6
9,21,2018,21,0,6
9,21,2018,22,0,6
9,21,2018,23,0,6
9,22,2018,0,0,7
9,22,2018,1,0,7
9,22,2018,2,0,7
9,22,2018,3,0,7
9,22,2018,4,0,7
9,22,2018,5,0,7
9,22,2018,6,0,7
9,22,2018,7,0,7
9,22,2018,8,0,7
9,22,2018,9,0,7
9,22,2018,10,0,7
9,22,2018,11,0,7
9,22,2018,12,0,7
9,22,2018,13,0,7
9,22,2018,14,0,7
9,22,2018,15,0,7
9,22,2018,16,0,7
9,22,2018,17,0,7
9,22,2018,18,0,7
9,22,2018,19,0,7
9,22,2018,20,0,7
9,22,2018,21,0,7
9,22,2018,22,0,7
9,22,2018,23,0,7
9,23,2018,0,0,8
9,23,2018,1,0,8
9,23,2018,2,0,8
9,23,2018,3,0,8
9,23,2018,4,0,8
9,23,2018,5,0,8
9,23,2018,6,0,8
9,23,2018,7,0,8
9,23,2018,8,0,8
9,23,2018,9,0,8
9,23,2018,10,0,8
9,23,2018,11,0,8
9,23,2018,12,0,8
9,23,2018,13,0,8
9,23,2018,14,0,8
9,23,2018,15,0,8
9,23,2018,16,0,8
9,23,2018,17,0,8
9,23,2018,18,0,8
9,23,2018,19,0,8
9,23,2018,20,0,8
9,23,2018,21,0,8
9,23,2018,22,0,8
9,23,2018,23,0,8
9,24,2018,0,0,2
9,24,2018,1,0,2
9,24,2018,2,0,2
9,24,2018,3,0,2
9,24,2018,4,0,2
9,24,2018,5,0,2
9,24,2018,6,0,2
9,24,2018,7,0,2
9,24,2018,8,0,2
9,24,2018,9,0,2
9,24,2018,10,0,2
9,24,2018,11,0,2
9,24,2018,12,0,2
9,24,2018,13,0,2
9,24,2018,14,0,2
9,24,2018,15,0,2
9,24,2018,16,0,2
9,24,2018,17,0,2
9,24,2018,18,0,2
9,24,2018,19,0,2
9,24,2018,20,0,2
9,24,2018,21,0,2
9,24,2018,22,0,2
9,24,2018,23,0,2
9,25,2018,0,0,3
9,25,2018,1,0,3
9,25,2018,2,0,3
9,25,2018,3,0,3
9,25,2018,4,0,3
9,25,2018,5,0,3
9,25,2018,6,0,3
9,25,2018,7,0,3
9,25,2018,8,0,3
9,25,2018,9,0,3
9,25,2018,10,0,3
9,25,2018,11,0,3
9,25,2018,12,0,3
9,25,2018,13,0,3
9,25,2018,14,0,3
9,25,2018,15,0,3
9,25,2018,16,0,3
9,25,2018,17,0,3
9,25,2018,18,0,3
9,25,2018,19,0,3
9,25,2018,20,0,3
9,25,2018,21,0,3
9,25,2018,22,0,3
9,25,2018,23,0,3
9,26,2018,0,0,4
9,26,2018,1,0,4
9,26,2018,2,0,4
9,26,2018,3,0,4
9,26,2018,4,0,4
9,26,2018,5,0,4
9,26,2018,6,0,4
9,26,2018,7,0,4
9,26,2018,8,0,4
9,26,2018,9,0,4
9,26,2018,10,0,4
9,26,2018,11,0,4
9,26,2018,12,0,4
9,26,2018,13,0,4
9,26,2018,14,0,4
9,26,2018,15,0,4
9,26,2018,16,0,4
9,26,2018,17,0,4
9,26,2018,18,0,4
9,26,2018,19,0,4
9,26,2018,20,0,4
9,26,2018,21,0,4
9,26,2018,22,0,4
9,26,2018,23,0,4
9,27,2018,0,0,5
9,27,2018,1,0,5
9,27,2018,2,0,5
9,27,2018,3,0,5
9,27,2018,4,0,5
9,27,2018,5,0,5
9,27,2018,6,0,5
9,27,2018,7,0,5
9,27,2018,8,0,5
9,27,2018,9,0,5
9,27,2018,10,0,5
9,27,2018,11,0,5
9,27,2018,12,0,5
9,27,2018,13,0,5
9,27,2018,14,0,5
9,27,2018,15,0,5
9,27,2018,16,0,5
9,27,2018,17,0,5
9,27,2018,18,0,5
9,27,2018,19,0,5
9,27,2018,20,0,5
9,27,2018,21,0,5
9,27,2018,22,0,5
9,27,2018,23,0,5
9,28,2018,0,0,6
9,28,2018,1,0,6
9,28,2018,2,0,6
9,28,2018,3,0,6
9,28,2018,4,0,6
9,28,2018,5,0,6
9,28,2018,6,0,6
9,28,2018,7,0,6
9,28,2018,8,0,6
9,28,2018,9,0,6
9,28,2018,10,0,6
9,28,2018,11,0,6
9,28,2018,12,0,6
9,28,2018,13,0,6
9,28,2018,14,0,6
9,28,2018,15,0,6
9,28,2018,16,0,6
9,28,2018,17,0,6
9,28,2018,18,0,6
9,28,2018,19,0,6
9,28,2018,20,0,6
9,28,2018,21,0,6
9,28,2018,22,0,6
9,28,2018,23,0,6
9,29,2018,0,0,7
9,29,2018,1,0,7
9,29,2018,2,0,7
9,29,2018,3,0,7
9,29,2018,4,0,7
9,29,2018,5,0,7
9,29,2018,6,0,7
9,29,2018,7,0,7
9,29,2018,8,0,7
9,29,2018,9,0,7
9,29,2018,10,0,7
9,29,2018,11,0,7
9,29,2018,12,0,7
9,29,2018,13,0,7
9,29,2018,14,0,7
9,29,2018,15,0,7
9,29,2018,16,0,7
9,29,2018,17,0,7
9,29,2018,18,0,7
9,29,2018,19,0,7
9,29,2018,20,0,7
9,29,2018,21,0,7
9,29,2018,22,0,7
9,29,2018,23,0,7
9,30,2018,0,0,8
9,30,2018,1,0,8
9,30,2018,2,0,8
9,30,2018,3,0,8
9,30,2018,4,0,8
9,30,2018,5,0,8
9,30,2018,6,0,8
9,30,2018,7,0,8
9,30,2018,8,0,8
9,30,2018,9,0,8
9,30,2018,10,0,8
9,30,2018,11,0,8
9,30,2018,12,0,8
9,30,2018,13,0,8
9,30,2018,14,0,8
9,30,2018,15,0,8
9,30,2018,16,0,8
9,30,2018,17,0,8
9,30,2018,18,0,8
9,30,2018,19,0,8
9,30,2018,20,0,8
9,30,2018,21,0,8
9,30,2018,22,0,8
9,30,2018,23,0,8
10,1,2018,0,0,2
10,1,2018,1,0,2
10,1,2018,2,0,2
10,1,2018,3,0,2
10,1,2018,4,0,2
10,1,2018,5,0,2
10,1,2018,6,0,2
10,1,2018,7,0,2
10,1,2018,8,0,2
10,1,2018,9,0,2
10,1,2018,10,0,2
10,1,2018,11,0,2
10,1,2018,12,0,2
10,1,2018,13,0,2
10,1,2018,14,0,2
10,1,2018,15,0,2
10,1,2018,16,0,2
10,1,2018,17,0,2
10,1,2018,18,0,2
10,1,2018,19,0,2
10,1,2018,20,0,2
10,1,2018,21,0,2
10,1,2018,22,0,2
10,1,2018,23,0,2
10,2,2018,0,0,3
10,2,2018,1,0,3
10,2,2018,2,0,3
10,2,2018,3,0,3
10,2,2018,4,0,3
10,2,2018,5,0,3
10,2,2018,6,0,3
10,2,2018,7,0,3
10,2,2018,8,0,3
10,2,2018,9,0,3
10,2,2018,10,0,3
10,2,2018,11,0,3
10,2,2018,12,0,3
10,2,2018,13,0,3
10,2,2018,14,0,3
10,2,2018,15,0,3
10,2,2018,16,0,3
10,2,2018,17,0,3
10,2,2018,18,0,3
10,2,2018,19,0,3
10,2,2018,20,0,3
10,2,2018,21,0,3
10,2,2018,22,0,3
10,2,2018,23,0,3
10,3,2018,0,0,4
10,3,2018,1,0,4
10,3,2018,2,0,4
10,3,2018,3,0,4
10,3,2018,4,0,4
10,3,2018,5,0,4
10,3,2018,6,0,4
10,3,2018,7,0,4
10,3,2018,8,0,4
10,3,2018,9,0,4
10,3,2018,10,0,4
10,3,2018,11,0,4
10,3,2018,12,0,4
10,3,2018,13,0,4
10,3,2018,14,0,4
10,3,2018,15,0,4
10,3,2018,16,0,4
10,3,2018,17,0,4
10,3,2018,18,0,4
10,3,2018,19,0,4
10,3,2018,20,0,4
10,3,2018,21,0,4
10,3,2018,22,0,4
10,3,2018,23,0,4
10,4,2018,0,0,5
10,4,2018,1,0,5
10,4,2018,2,0,5
10,4,2018,3,0,5
10,4,2018,4,0,5
10,4,2018,5,0,5
10,4,2018,6,0,5
10,4,2018,7,0,5
10,4,2018,8,0,5
10,4,2018,9,0,5
10,4,2018,10,0,5
10,4,2018,11,0,5
10,4,2018,12,0,5
10,4,2018,13,0,5
10,4,2018,14,0,5
10,4,2018,15,0,5
10,4,2018,16,0,5
10,4,2018,17,0,5
10,4,2018,18,0,5
10,4,2018,19,0,5
10,4,2018,20,0,5
10,4,2018,21,0,5
10,4,2018,22,0,5
10,4,2018,23,0,5
10,5,2018,0,0,6
10,5,2018,1,0,6
10,5,2018,2,0,6
10,5,2018,3,0,6
10,5,2018,4,0,6
10,5,2018,5,0,6
10,5,2018,6,0,6
10,5,2018,7,0,6
10,5,2018,8,0,6
10,5,2018,9,0,6
10,5,2018,10,0,6
10,5,2018,11,0,6
10,5,2018,12,0,6
10,5,2018,13,0,6
10,5,2018,14,0,6
10,5,2018,15,0,6
10,5,2018,16,0,6
10,5,2018,17,0,6
10,5,2018,18,0,6
10,5,2018,19,0,6
10,5,2018,20,0,6
10,5,2018,21,0,6
10,5,2018,22,0,6
10,5,2018,23,0,6
10,6,2018,0,0,7
10,6,2018,1,0,7
10,6,2018,2,0,7
10,6,2018,3,0,7
10,6,2018,4,0,7
10,6,2018,5,0,7
10,6,2018,6,0,7
10,6,2018,7,0,7
10,6,2018,8,0,7
10,6,2018,9,0,7
10,6,2018,10,0,7
10,6,2018,11,0,7
10,6,2018,12,0,7
10,6,2018,13,0,7
10,6,2018,14,0,7
10,6,2018,15,0,7
10,6,2018,16,0,7
10,6,2018,17,0,7
10,6,2018,18,0,7
10,6,2018,19,0,7
10,6,2018,20,0,7
10,6,2018,21,0,7
10,6,2018,22,0,7
10,6,2018,23,0,7
10,7,2018,0,0,8
10,7,2018,1,0,8
10,7,2018,2,0,8
10,7,2018,3,0,8
10,7,2018,4,0,8
10,7,2018,5,0,8
10,7,2018,6,0,8
10,7,2018,7,0,8
10,7,2018,8,0,8
10,7,2018,9,0,8
10,7,2018,10,0,8
10,7,2018,11,0,8
10,7,2018,12,0,8
10,7,2018,13,0,8
10,7,2018,14,0,8
10,7,2018,15,0,8
10,7,2018,16,0,8
10,7,2018,17,0,8
10,7,2018,18,0,8
10,7,2018,19,0,8
10,7,2018,20,0,8
10,7,2018,21,0,8
10,7,2018,22,0,8
10,7,2018,23,0,8
10,8,2018,0,0,2
10,8,2018,1,0,2
10,8,2018,2,0,2
10,8,2018,3,0,2
10,8,2018,4,0,2
10,8,2018,5,0,2
10,8,2018,6,0,2
10,8,2018,7,0,2
10,8,2018,8,0,2
10,8,2018,9,0,2
10,8,2018,10,0,2
10,8,2018,11,0,2
10,8,2018,12,0,2
10,8,2018,13,0,2
10,8,2018,14,0,2
10,8,2018,15,0,2
10,8,2018,16,0,2
10,8,2018,17,0,2
10,8,2018,18,0,2
10,8,2018,19,0,2
10,8,2018,20,0,2
10,8,2018,21,0,2
10,8,2018,22,0,2
10,8,2018,23,0,2
10,9,2018,0,0,3
10,9,2018,1,0,3
10,9,2018,2,0,3
10,9,2018,3,0,3
10,9,2018,4,0,3
10,9,2018,5,0,3
10,9,2018,6,0,3
10,9,2018,7,0,3
10,9,2018,8,0,3
10,9,2018,9,0,3
10,9,2018,10,0,3
10,9,2018,11,0,3
10,9,2018,12,0,3
10,9,2018,13,0,3
10,9,2018,14,0,3
10,9,2018,15,0,3
10,9,2018,16,0,3
10,9,2018,17,0,3
10,9,2018,18,0,3
10,9,2018,19,0,3
10,9,2018,20,0,3
10,9,2018,21,0,3
10,9,2018,22,0,3
10,9,2018,23,0,3
10,10,2018,0,0,4
10,10,2018,1,0,4
10,10,2018,2,0,4
10,10,2018,3,0,4
10,10,2018,4,0,4
10,10,2018,5,0,4
10,10,2018,6,0,4
10,10,2018,7,0,4
10,10,2018,8,0,4
10,10,2018,9,0,4
10,10,2018,10,0,4
10,10,2018,11,0,4
10,10,2018,12,0,4
10,10,2018,13,0,4
10,10,2018,14,0,4
10,10,2018,15,0,4
10,10,2018,16,0,4
10,10,2018,17,0,4
10,10,2018,18,0,4
10,10,2018,19,0,4
10,10,2018,20,0,4
10,10,2018,21,0,4
10,10,2018,22,0,4
10,10,2018,23,0,4
10,11,2018,0,0,5
10,11,2018,1,0,5
10,11,2018,2,0,5
10,11,2018,3,0,5
10,11,2018,4,0,5
10,11,2018,5,0,5
10,11,2018,6,0,5
10,11,2018,7,0,5
10,11,2018,8,0,5
10,11,2018,9,0,5
10,11,2018,10,0,5
10,11,2018,11,0,5
10,11,2018,12,0,5
10,11,2018,13,0,5
10,11,2018,14,0,5
10,11,2018,15,0,5
10,11,2018,16,0,5
10,11,2018,17,0,5
10,11,2018,18,0,5
10,11,2018,19,0,5
10,11,2018,20,0,5
10,11,2018,21,0,5
10,11,2018,22,0,5
10,11,2018,23,0,5
10,12,2018,0,0,6
10,12,2018,1,0,6
10,12,2018,2,0,6
10,12,2018,3,0,6
10,12,2018,4,0,6
10,12,2018,5,0,6
10,12,2018,6,0,6
10,12,2018,7,0,6
10,12,2018,8,0,6
10,12,2018,9,0,6
10,12,2018,10,0,6
10,12,2018,11,0,6
10,12,2018,12,0,6
10,12,2018,13,0,6
10,12,2018,14,0,6
10,12,2018,15,0,6
10,12,2018,16,0,6
10,12,2018,17,0,6
10,12,2018,18,0,6
10,12,2018,19,0,6
10,12,2018,20,0,6
10,12,2018,21,0,6
10,12,2018,22,0,6
10,12,2018,23,0,6
10,13,2018,0,0,7
10,13,2018,1,0,7
10,13,2018,2,0,7
10,13,2018,3,0,7
10,13,2018,4,0,7
10,13,2018,5,0,7
10,13,2018,6,0,7
10,13,2018,7,0,7
10,13,2018,8,0,7
10,13,2018,9,0,7
10,13,2018,10,0,7
10,13,2018,11,0,7
10,13,2018,12,0,7
10,13,2018,13,0,7
10,13,2018,14,0,7
10,13,2018,15,0,7
10,13,2018,16,0,7
10,13,2018,17,0,7
10,13,2018,18,0,7
10,13,2018,19,0,7
10,13,2018,20,0,7
10,13,2018,21,0,7
10,13,2018,22,0,7
10,13,2018,23,0,7
10,14,2018,0,0,8
10,14,2018,1,0,8
10,14,2018,2,0,8
10,14,2018,3,0,8
10,14,2018,4,0,8
10,14,2018,5,0,8
10,14,2018,6,0,8
10,14,2018,7,0,8
10,14,2018,8,0,8
10,14,2018,9,0,8
10,14,2018,10,0,8
10,14,2018,11,0,8
10,14,2018,12,0,8
10,14,2018,13,0,8
10,14,2018,14,0,8
10,14,2018,15,0,8
10,14,2018,16,0,8
10,14,2018,17,0,8
10,14,2018,18,0,8
10,14,2018,19,0,8
10,14,2018,20,0,8
10,14,2018,21,0,8
10,14,2018,22,0,8
10,14,2018,23,0,8
10,15,2018,0,0,2
10,15,2018,1,0,2
10,15,2018,2,0,2
10,15,2018,3,0,2
10,15,2018,4,0,2
10,15,2018,5,0,2
10,15,2018,6,0,2
10,15,2018,7,0,2
10,15,2018,8,0,2
10,15,2018,9,0,2
10,15,2018,10,0,2
10,15,2018,11,0,2
10,15,2018,12,0,2
10,15,2018,13,0,2
10,15,2018,14,0,2
10,15,2018,15,0,2
10,15,2018,16,0,2
10,15,2018,17,0,2
10,15,2018,18,0,2
10,15,2018,19,0,2
10,15,2018,20,0,2
10,15,2018,21,0,2
10,15,2018,22,0,2
10,15,2018,23,0,2
10,16,2018,0,0,3
10,16,2018,1,0,3
10,16,2018,2,0,3
10,16,2018,3,0,3
10,16,2018,4,0,3
10,16,2018,5,0,3
10,16,2018,6,0,3
10,16,2018,7,0,3
10,16,2018,8,0,3
10,16,2018,9,0,3
10,16,2018,10,0,3
10,16,2018,11,0,3
10,16,2018,12,0,3
10,16,2018,13,0,3
10,16,2018,14,0,3
10,16,2018,15,0,3
10,16,2018,16,0,3
10,16,2018,17,0,3
10,16,2018,18,0,3
10,16,2018,19,0,3
10,16,2018,20,0,3
10,16,2018,21,0,3
10,16,2018,22,0,3
10,16,2018,23,0,3
10,17,2018,0,0,4
10,17,2018,1,0,4
10,17,2018,2,0,4
10,17,2018,3,0,4
10,17,2018,4,0,4
10,17,2018,5,0,4
10,17,2018,6,0,4
10,17,2018,7,0,4
10,17,2018,8,0,4
10,17,2018,9,0,4
10,17,2018,10,0,4
10,17,2018,11,0,4
10,17,2018,12,0,4
10,17,2018,13,0,4
10,17,2018,14,0,4
10,17,2018,15,0,4
10,17,2018,16,0,4
10,17,2018,17,0,4
10,17,2018,18,0,4
10,17,2018,19,0,4
10,17,2018,20,0,4
10,17,2018,21,0,4
10,17,2018,22,0,4
10,17,2018,23,0,4
10,18,2018,0,0,5
10,18,2018,1,0,5
10,18,2018,2,0,5
10,18,2018,3,0,5
10,18,2018,4,0,5
10,18,2018,5,0,5
10,18,2018,6,0,5
10,18,2018,7,0,5
10,18,2018,8,0,5
10,18,2018,9,0,5
10,18,2018,10,0,5
10,18,2018,11,0,5
10,18,2018,12,0,5
10,18,2018,13,0,5
10,18,2018,14,0,5
10,18,2018,15,0,5
10,18,2018,16,0,5
10,18,2018,17,0,5
10,18,2018,18,0,5
10,18,2018,19,0,5
10,18,2018,20,0,5
10,18,2018,21,0,5
10,18,2018,22,0,5
10,18,2018,23,0,5
10,19,2018,0,0,6
10,19,2018,1,0,6
10,19,2018,2,0,6
10,19,2018,3,0,6
10,19,2018,4,0,6
10,19,2018,5,0,6
10,19,2018,6,0,6
10,19,2018,7,0,6
10,19,2018,8,0,6
10,19,2018,9,0,6
10,19,2018,10,0,6
10,19,2018,11,0,6
10,19,2018,12,0,6
10,19,2018,13,0,6
10,19,2018,14,0,6
10,19,2018,15,0,6
10,19,2018,16,0,6
10,19,2018,17,0,6
10,19,2018,18,0,6
10,19,2018,19,0,6
10,19,2018,20,0,6
10,19,2018,21,0,6
10,19,2018,22,0,6
10,19,2018,23,0,6
10,20,2018,0,0,7
10,20,2018,1,0,7
10,20,2018,2,0,7
10,20,2018,3,0,7
10,20,2018,4,0,7
10,20,2018,5,0,7
10,20,2018,6,0,7
10,20,2018,7,0,7
10,20,2018,8,0,7
10,20,2018,9,0,7
10,20,2018,10,0,7
10,20,2018,11,0,7
10,20,2018,12,0,7
10,20,2018,13,0,7
10,20,2018,14,0,7
10,20,2018,15,0,7
10,20,2018,16,0,7
10,20,2018,17,0,7
10,20,2018,18,0,7
10,20,2018,19,0,7
10,20,2018,20,0,7
10,20,2018,21,0,7
10,20,2018,22,0,7
10,20,2018,23,0,7
10,21,2018,0,0,8
10,21,2018,1,0,8
10,21,2018,2,0,8
10,21,2018,3,0,8
10,21,2018,4,0,8
10,21,2018,5,0,8
10,21,2018,6,0,8
10,21,2018,7,0,8
10,21,2018,8,0,8
10,21,2018,9,0,8
10,21,2018,10,0,8
10,21,2018,11,0,8
10,21,2018,12,0,8
10,21,2018,13,0,8
10,21,2018,14,0,8
10,21,2018,15,0,8
10,21,2018,16,0,8
10,21,2018,17,0,8
10,21,2018,18,0,8
10,21,2018,19,0,8
10,21,2018,20,0,8
10,21,2018,21,0,8
10,21,2018,22,0,8
10,21,2018,23,0,8
10,22,2018,0,0,2
10,22,2018,1,0,2
10,22,2018,2,0,2
10,22,2018,3,0,2
10,22,2018,4,0,2
10,22,2018,5,0,2
10,22,2018,6,0,2
10,22,2018,7,0,2
10,22,2018,8,0,2
10,22,2018,9,0,2
10,22,2018,10,0,2
10,22,2018,11,0,2
10,22,2018,12,0,2
10,22,2018,13,0,2
10,22,2018,14,0,2
10,22,2018,15,0,2
10,22,2018,16,0,2
10,22,2018,17,0,2
10,22,2018,18,0,2
10,22,2018,19,0,2
10,22,2018,20,0,2
10,22,2018,21,0,2
10,22,2018,22,0,2
10,22,2018,23,0,2
10,23,2018,0,0,3
10,23,2018,1,0,3
10,23,2018,2,0,3
10,23,2018,3,0,3
10,23,2018,4,0,3
10,23,2018,5,0,3
10,23,2018,6,0,3
10,23,2018,7,0,3
10,23,2018,8,0,3
10,23,2018,9,0,3
10,23,2018,10,0,3
10,23,2018,11,0,3
10,23,2018,12,0,3
10,23,2018,13,0,3
10,23,2018,14,0,3
10,23,2018,15,0,3
10,23,2018,16,0,3
10,23,2018,17,0,3
10,23,2018,18,0,3
10,23,2018,19,0,3
10,23,2018,20,0,3
10,23,2018,21,0,3
10,23,2018,22,0,3
10,23,2018,23,0,3
10,24,2018,0,0,4
10,24,2018,1,0,4
10,24,2018,2,0,4
10,24,2018,3,0,4
10,24,2018,4,0,4
10,24,2018,5,0,4
10,24,2018,6,0,4
10,24,2018,7,0,4
10,24,2018,8,0,4
10,24,2018,9,0,4
10,24,2018,10,0,4
10,24,2018,11,0,4
10,24,2018,12,0,4
10,24,2018,13,0,4
10,24,2018,14,0,4
10,24,2018,15,0,4
10,24,2018,16,0,4
10,24,2018,17,0,4
10,24,2018,18,0,4
10,24,2018,19,0,4
10,24,2018,20,0,4
10,24,2018,21,0,4
10,24,2018,22,0,4
10,24,2018,23,0,4
10,25,2018,0,0,5
10,25,2018,1,0,5
10,25,2018,2,0,5
10,25,2018,3,0,5
10,25,2018,4,0,5
10,25,2018,5,0,5
10,25,2018,6,0,5
10,25,2018,7,0,5
10,25,2018,8,0,5
10,25,2018,9,0,5
10,25,2018,10,0,5
10,25,2018,11,0,5
10,25,2018,12,0,5
10,25,2018,13,0,5
10,25,2018,14,0,5
10,25,2018,15,0,5
10,25,2018,16,0,5
10,25,2018,17,0,5
10,25,2018,18,0,5
10,25,2018,19,0,5
10,25,2018,20,0,5
10,25,2018,21,0,5
10,25,2018,22,0,5
10,25,2018,23,0,5
10,26,2018,0,0,6
10,26,2018,1,0,6
10,26,2018,2,0,6
10,26,2018,3,0,6
10,26,2018,4,0,6
10,26,2018,5,0,6
10,26,2018,6,0,6
10,26,2018,7,0,6
10,26,2018,8,0,6
10,26,2018,9,0,6
10,26,2018,10,0,6
10,26,2018,11,0,6
10,26,2018,12,0,6
10,26,2018,13,0,6
10,26,2018,14,0,6
10,26,2018,15,0,6
10,26,2018,16,0,6
10,26,2018,17,0,6
10,26,2018,18,0,6
10,26,2018,19,0,6
10,26,2018,20,0,6
10,26,2018,21,0,6
10,26,2018,22,0,6
10,26,2018,23,0,6
10,27,2018,0,0,7
10,27,2018,1,0,7
10,27,2018,2,0,7
10,27,2018,3,0,7
10,27,2018,4,0,7
10,27,2018,5,0,7
10,27,2018,6,0,7
10,27,2018,7,0,7
10,27,2018,8,0,7
10,27,2018,9,0,7
10,27,2018,10,0,7
10,27,2018,11,0,7
10,27,2018,12,0,7
10,27,2018,13,0,7
10,27,2018,14,0,7
10,27,2018,15,0,7
10,27,2018,16,0,7
10,27,2018,17,0,7
10,27,2018,18,0,7
10,27,2018,19,0,7
10,27,2018,20,0,7
10,27,2018,21,0,7
10,27,2018,22,0,7
10,27,2018,23,0,7
10,28,2018,0,0,8
10,28,2018,1,0,8
10,28,2018,2,0,8
10,28,2018,3,0,8
10,28,2018,4,0,8
10,28,2018,5,0,8
10,28,2018,6,0,8
10,28,2018,7,0,8
10,28,2018,8,0,8
10,28,2018,9,0,8
10,28,2018,10,0,8
10,28,2018,11,0,8
10,28,2018,12,0,8
10,28,2018,13,0,8
10,28,2018,14,0,8
10,28,2018,15,0,8
10,28,2018,16,0,8
10,28,2018,17,0,8
10,28,2018,18,0,8
10,28,2018,19,0,8
10,28,2018,20,0,8
10,28,2018,21,0,8
10,28,2018,22,0,8
10,28,2018,23,0,8
10,29,2018,0,0,2
10,29,2018,1,0,2
10,29,2018,2,0,2
10,29,2018,3,0,2
10,29,2018,4,0,2
10,29,2018,5,0,2
10,29,2018,6,0,2
10,29,2018,7,0,2
10,29,2018,8,0,2
10,29,2018,9,0,2
10,29,2018,10,0,2
10,29,2018,11,0,2
10,29,2018,12,0,2
10,29,2018,13,0,2
10,29,2018,14,0,2
10,29,2018,15,0,2
10,29,2018,16,0,2
10,29,2018,17,0,2
10,29,2018,18,0,2
10,29,2018,19,0,2
10,29,2018,20,0,2
10,29,2018,21,0,2
10,29,2018,22,0,2
10,29,2018,23,0,2
10,30,2018,0,0,3
10,30,2018,1,0,3
10,30,2018,2,0,3
10,30,2018,3,0,3
10,30,2018,4,0,3
10,30,2018,5,0,3
10,30,2018,6,0,3
10,30,2018,7,0,3
10,30,2018,8,0,3
10,30,2018,9,0,3
10,30,2018,10,0,3
10,30,2018,11,0,3
10,30,2018,12,0,3
10,30,2018,13,0,3
10,30,2018,14,0,3
10,30,2018,15,0,3
10,30,2018,16,0,3
10,30,2018,17,0,3
10,30,2018,18,0,3
10,30,2018,19,0,3
10,30,2018,20,0,3
10,30,2018,21,0,3
10,30,2018,22,0,3
10,30,2018,23,0,3
10,31,2018,0,0,4
10,31,2018,1,0,4
10,31,2018,2,0,4
10,31,2018,3,0,4
10,31,2018,4,0,4
10,31,2018,5,0,4
10,31,2018,6,0,4
10,31,2018,7,0,4
10,31,2018,8,0,4
10,31,2018,9,0,4
10,31,2018,10,0,4
10,31,2018,11,0,4
10,31,2018,12,0,4
10,31,2018,13,0,4
10,31,2018,14,0,4
10,31,2018,15,0,4
10,31,2018,16,0,4
10,31,2018,17,0,4
10,31,2018,18,0,4
10,31,2018,19,0,4
10,31,2018,20,0,4
10,31,2018,21,0,4
10,31,2018,22,0,4
10,31,2018,23,0,4
11,1,2018,0,0,5
11,1,2018,1,0,5
11,1,2018,2,0,5
11,1,2018,3,0,5
11,1,2018,4,0,5
11,1,2018,5,0,5
11,1,2018,6,0,5
11,1,2018,7,0,5
11,1,2018,8,0,5
11,1,2018,9,0,5
11,1,2018,10,0,5
11,1,2018,11,0,5
11,1,2018,12,0,5
11,1,2018,13,0,5
11,1,2018,14,0,5
11,1,2018,15,0,5
11,1,2018,16,0,5
11,1,2018,17,0,5
11,1,2018,18,0,5
11,1,2018,19,0,5
11,1,2018,20,0,5
11,1,2018,21,0,5
11,1,2018,22,0,5
11,1,2018,23,0,5
11,2,2018,0,0,6
11,2,2018,1,0,6
11,2,2018,2,0,6
11,2,2018,3,0,6
11,2,2018,4,0,6
11,2,2018,5,0,6
11,2,2018,6,0,6
11,2,2018,7,0,6
11,2,2018,8,0,6
11,2,2018,9,0,6
11,2,2018,10,0,6
11,2,2018,11,0,6
11,2,2018,12,0,6
11,2,2018,13,0,6
11,2,2018,14,0,6
11,2,2018,15,0,6
11,2,2018,16,0,6
11,2,2018,17,0,6
11,2,2018,18,0,6
11,2,2018,19,0,6
11,2,2018,20,0,6
11,2,2018,21,0,6
11,2,2018,22,0,6
11,2,2018,23,0,6
11,3,2018,0,0,7
11,3,2018,1,0,7
11,3,2018,2,0,7
11,3,2018,3,0,7
11,3,2018,4,0,7
11,3,2018,5,0,7
11,3,2018,6,0,7
11,3,2018,7,0,7
11,3,2018,8,0,7
11,3,2018,9,0,7
11,3,2018,10,0,7
11,3,2018,11,0,7
11,3,2018,12,0,7
11,3,2018,13,0,7
11,3,2018,14,0,7
11,3,2018,15,0,7
11,3,2018,16,0,7
11,3,2018,17,0,7
11,3,2018,18,0,7
11,3,2018,19,0,7
11,3,2018,20,0,7
11,3,2018,21,0,7
11,3,2018,22,0,7
11,3,2018,23,0,7
11,4,2018,0,0,8
11,4,2018,1,0,8
11,4,2018,2,0,8
11,4,2018,3,0,8
11,4,2018,4,0,8
11,4,2018,5,0,8
11,4,2018,6,0,8
11,4,2018,7,0,8
11,4,2018,8,0,8
11,4,2018,9,0,8
11,4,2018,10,0,8
11,4,2018,11,0,8
11,4,2018,12,0,8
11,4,2018,13,0,8
11,4,2018,14,0,8
11,4,2018,15,0,8
11,4,2018,16,0,8
11,4,2018,17,0,8
11,4,2018,18,0,8
11,4,2018,19,0,8
11,4,2018,20,0,8
11,4,2018,21,0,8
11,4,2018,22,0,8
11,4,2018,23,0,8
11,5,2018,0,0,2
11,5,2018,1,0,2
11,5,2018,2,0,2
11,5,2018,3,0,2
11,5,2018,4,0,2
11,5,2018,5,0,2
11,5,2018,6,0,2
11,5,2018,7,0,2
11,5,2018,8,0,2
11,5,2018,9,0,2
11,5,2018,10,0,2
11,5,2018,11,0,2
11,5,2018,12,0,2
11,5,2018,13,0,2
11,5,2018,14,0,2
11,5,2018,15,0,2
11,5,2018,16,0,2
11,5,2018,17,0,2
11,5,2018,18,0,2
11,5,2018,19,0,2
11,5,2018,20,0,2
11,5,2018,21,0,2
11,5,2018,22,0,2
11,5,2018,23,0,2
11,6,2018,0,0,3
11,6,2018,1,0,3
11,6,2018,2,0,3
11,6,2018,3,0,3
11,6,2018,4,0,3
11,6,2018,5,0,3
11,6,2018,6,0,3
11,6,2018,7,0,3
11,6,2018,8,0,3
11,6,2018,9,0,3
11,6,2018,10,0,3
11,6,2018,11,0,3
11,6,2018,12,0,3
11,6,2018,13,0,3
11,6,2018,14,0,3
11,6,2018,15,0,3
11,6,2018,16,0,3
11,6,2018,17,0,3
11,6,2018,18,0,3
11,6,2018,19,0,3
11,6,2018,20,0,3
11,6,2018,21,0,3
11,6,2018,22,0,3
11,6,2018,23,0,3
11,7,2018,0,0,4
11,7,2018,1,0,4
11,7,2018,2,0,4
11,7,2018,3,0,4
11,7,2018,4,0,4
11,7,2018,5,0,4
11,7,2018,6,0,4
11,7,2018,7,0,4
11,7,2018,8,0,4
11,7,2018,9,0,4
11,7,2018,10,0,4
11,7,2018,11,0,4
11,7,2018,12,0,4
11,7,2018,13,0,4
11,7,2018,14,0,4
11,7,2018,15,0,4
11,7,2018,16,0,4
11,7,2018,17,0,4
11,7,2018,18,0,4
11,7,2018,19,0,4
11,7,2018,20,0,4
11,7,2018,21,0,4
11,7,2018,22,0,4
11,7,2018,23,0,4
11,8,2018,0,0,5
11,8,2018,1,0,5
11,8,2018,2,0,5
11,8,2018,3,0,5
11,8,2018,4,0,5
11,8,2018,5,0,5
11,8,2018,6,0,5
11,8,2018,7,0,5
11,8,2018,8,0,5
11,8,2018,9,0,5
11,8,2018,10,0,5
11,8,2018,11,0,5
11,8,2018,12,0,5
11,8,2018,13,0,5
11,8,2018,14,0,5
11,8,2018,15,0,5
11,8,2018,16,0,5
11,8,2018,17,0,5
11,8,2018,18,0,5
11,8,2018,19,0,5
11,8,2018,20,0,5
11,8,2018,21,0,5
11,8,2018,22,0,5
11,8,2018,23,0,5
11,9,2018,0,0,6
11,9,2018,1,0,6
11,9,2018,2,0,6
11,9,2018,3,0,6
11,9,2018,4,0,6
11,9,2018,5,0,6
11,9,2018,6,0,6
11,9,2018,7,0,6
11,9,2018,8,0,6
11,9,2018,9,0,6
11,9,2018,10,0,6
11,9,2018,11,0,6
11,9,2018,12,0,6
11,9,2018,13,0,6
11,9,2018,14,0,6
11,9,2018,15,0,6
11,9,2018,16,0,6
11,9,2018,17,0,6
11,9,2018,18,0,6
11,9,2018,19,0,6
11,9,2018,20,0,6
11,9,2018,21,0,6
11,9,2018,22,0,6
11,9,2018,23,0,6
11,10,2018,0,0,7
11,10,2018,1,0,7
11,10,2018,2,0,7
11,10,2018,3,0,7
11,10,2018,4,0,7
11,10,2018,5,0,7
11,10,2018,6,0,7
11,10,2018,7,0,7
11,10,2018,8,0,7
11,10,2018,9,0,7
11,10,2018,10,0,7
11,10,2018,11,0,7
11,10,2018,12,0,7
11,10,2018,13,0,7
11,10,2018,14,0,7
11,10,2018,15,0,7
11,10,2018,16,0,7
11,10,2018,17,0,7
11,10,2018,18,0,7
11,10,2018,19,0,7
11,10,2018,20,0,7
11,10,2018,21,0,7
11,10,2018,22,0,7
11,10,2018,23,0,7
11,11,2018,0,0,8
11,11,2018,1,0,8
11,11,2018,2,0,8
11,11,2018,3,0,8
11,11,2018,4,0,8
11,11,2018,5,0,8
11,11,2018,6,0,8
11,11,2018,7,0,8
11,11,2018,8,0,8
11,11,2018,9,0,8
11,11,2018,10,0,8
11,11,2018,11,0,8
11,11,2018,12,0,8
11,11,2018,13,0,8
11,11,2018,14,0,8
11,11,2018,15,0,8
11,11,2018,16,0,8
11,11,2018,17,0,8
11,11,2018,18,0,8
11,11,2018,19,0,8
11,11,2018,20,0,8
11,11,2018,21,0,8
11,11,2018,22,0,8
11,11,2018,23,0,8
11,12,2018,0,0,2
11,12,2018,1,0,2
11,12,2018,2,0,2
11,12,2018,3,0,2
11,12,2018,4,0,2
11,12,2018,5,0,2
11,12,2018,6,0,2
11,12,2018,7,0,2
11,12,2018,8,0,2
11,12,2018,9,0,2
11,12,2018,10,0,2
11,12,2018,11,0,2
11,12,2018,12,0,2
11,12,2018,13,0,2
11,12,2018,14,0,2
11,12,2018,15,0,2
11,12,2018,16,0,2
11,12,2018,17,0,2
11,12,2018,18,0,2
11,12,2018,19,0,2
11,12,2018,20,0,2
11,12,2018,21,0,2
11,12,2018,22,0,2
11,12,2018,23,0,2
11,13,2018,0,0,3
11,13,2018,1,0,3
11,13,2018,2,0,3
11,13,2018,3,0,3
11,13,2018,4,0,3
11,13,2018,5,0,3
11,13,2018,6,0,3
11,13,2018,7,0,3
11,13,2018,8,0,3
11,13,2018,9,0,3
11,13,2018,10,0,3
11,13,2018,11,0,3
11,13,2018,12,0,3
11,13,2018,13,0,3
11,13,2018,14,0,3
11,13,2018,15,0,3
11,13,2018,16,0,3
11,13,2018,17,0,3
11,13,2018,18,0,3
11,13,2018,19,0,3
11,13,2018,20,0,3
11,13,2018,21,0,3
11,13,2018,22,0,3
11,13,2018,23,0,3
11,14,2018,0,0,4
11,14,2018,1,0,4
11,14,2018,2,0,4
11,14,2018,3,0,4
11,14,2018,4,0,4
11,14,2018,5,0,4
11,14,2018,6,0,4
11,14,2018,7,0,4
11,14,2018,8,0,4
11,14,2018,9,0,4
11,14,2018,10,0,4
11,14,2018,11,0,4
11,14,2018,12,0,4
11,14,2018,13,0,4
11,14,2018,14,0,4
11,14,2018,15,0,4
11,14,2018,16,0,4
11,14,2018,17,0,4
11,14,2018,18,0,4
11,14,2018,19,0,4
11,14,2018,20,0,4
11,14,2018,21,0,4
11,14,2018,22,0,4
11,14,2018,23,0,4
11,15,2018,0,0,5
11,15,2018,1,0,5
11,15,2018,2,0,5
11,15,2018,3,0,5
11,15,2018,4,0,5
11,15,2018,5,0,5
11,15,2018,6,0,5
11,15,2018,7,0,5
11,15,2018,8,0,5
11,15,2018,9,0,5
11,15,2018,10,0,5
11,15,2018,11,0,5
11,15,2018,12,0,5
11,15,2018,13,0,5
11,15,2018,14,0,5
11,15,2018,15,0,5
11,15,2018,16,0,5
11,15,2018,17,0,5
11,15,2018,18,0,5
11,15,2018,19,0,5
11,15,2018,20,0,5
11,15,2018,21,0,5
11,15,2018,22,0,5
11,15,2018,23,0,5
11,16,2018,0,0,6
11,16,2018,1,0,6
11,16,2018,2,0,6
11,16,2018,3,0,6
11,16,2018,4,0,6
11,16,2018,5,0,6
11,16,2018,6,0,6
11,16,2018,7,0,6
11,16,2018,8,0,6
11,16,2018,9,0,6
11,16,2018,10,0,6
11,16,2018,11,0,6
11,16,2018,12,0,6
11,16,2018,13,0,6
11,16,2018,14,0,6
11,16,2018,15,0,6
11,16,2018,16,0,6
11,16,2018,17,0,6
11,16,2018,18,0,6
11,16,2018,19,0,6
11,16,2018,20,0,6
11,16,2018,21,0,6
11,16,2018,22,0,6
11,16,2018,23,0,6
11,17,2018,0,0,7
11,17,2018,1,0,7
11,17,2018,2,0,7
11,17,2018,3,0,7
11,17,2018,4,0,7
11,17,2018,5,0,7
11,17,2018,6,0,7
11,17,2018,7,0,7
11,17,2018,8,0,7
11,17,2018,9,0,7
11,17,2018,10,0,7
11,17,2018,11,0,7
11,17,2018,12,0,7
11,17,2018,13,0,7
11,17,2018,14,0,7
11,17,2018,15,0,7
11,17,2018,16,0,7
11,17,2018,17,0,7
11,17,2018,18,0,7
11,17,2018,19,0,7
11,17,2018,20,0,7
11,17,2018,21,0,7
11,17,2018,22,0,7
11,17,2018,23,0,7
11,18,2018,0,0,8
11,18,2018,1,0,8
11,18,2018,2,0,8
11,18,2018,3,0,8
11,18,2018,4,0,8
11,18,2018,5,0,8
11,18,2018,6,0,8
11,18,2018,7,0,8
11,18,2018,8,0,8
11,18,2018,9,0,8
11,18,2018,10,0,8
11,18,2018,11,0,8
11,18,2018,12,0,8
11,18,2018,13,0,8
11,18,2018,14,0,8
11,18,2018,15,0,8
11,18,2018,16,0,8
11,18,2018,17,0,8
11,18,2018,18,0,8
11,18,2018,19,0,8
11,18,2018,20,0,8
11,18,2018,21,0,8
11,18,2018,22,0,8
11,18,2018,23,0,8
11,19,2018,0,0,2
11,19,2018,1,0,2
11,19,2018,2,0,2
11,19,2018,3,0,2
11,19,2018,4,0,2
11,19,2018,5,0,2
11,19,2018,6,0,2
11,19,2018,7,0,2
11,19,2018,8,0,2
11,19,2018,9,0,2
11,19,2018,10,0,2
11,19,2018,11,0,2
11,19,2018,12,0,2
11,19,2018,13,0,2
11,19,2018,14,0,2
11,19,2018,15,0,2
11,19,2018,16,0,2
11,19,2018,17,0,2
11,19,2018,18,0,2
11,19,2018,19,0,2
11,19,2018,20,0,2
11,19,2018,21,0,2
11,19,2018,22,0,2
11,19,2018,23,0,2
11,20,2018,0,0,3
11,20,2018,1,0,3
11,20,2018,2,0,3
11,20,2018,3,0,3
11,20,2018,4,0,3
11,20,2018,5,0,3
11,20,2018,6,0,3
11,20,2018,7,0,3
11,20,2018,8,0,3
11,20,2018,9,0,3
11,20,2018,10,0,3
11,20,2018,11,0,3
11,20,2018,12,0,3
11,20,2018,13,0,3
11,20,2018,14,0,3
11,20,2018,15,0,3
11,20,2018,16,0,3
11,20,2018,17,0,3
11,20,2018,18,0,3
11,20,2018,19,0,3
11,20,2018,20,0,3
11,20,2018,21,0,3
11,20,2018,22,0,3
11,20,2018,23,0,3
11,21,2018,0,0,4
11,21,2018,1,0,4
11,21,2018,2,0,4
11,21,2018,3,0,4
11,21,2018,4,0,4
11,21,2018,5,0,4
11,21,2018,6,0,4
11,21,2018,7,0,4
11,21,2018,8,0,4
11,21,2018,9,0,4
11,21,2018,10,0,4
11,21,2018,11,0,4
11,21,2018,12,0,4
11,21,2018,13,0,4
11,21,2018,14,0,4
11,21,2018,15,0,4
11,21,2018,16,0,4
11,21,2018,17,0,4
11,21,2018,18,0,4
11,21,2018,19,0,4
11,21,2018,20,0,4
11,21,2018,21,0,4
11,21,2018,22,0,4
11,21,2018,23,0,4
11,22,2018,0,0,5
11,22,2018,1,0,5
11,22,2018,2,0,5
11,22,2018,3,0,5
11,22,2018,4,0,5
11,22,2018,5,0,5
11,22,2018,6,0,5
11,22,2018,7,0,5
11,22,2018,8,0,5
11,22,2018,9,0,5
11,22,2018,10,0,5
11,22,2018,11,0,5
11,22,2018,12,0,5
11,22,2018,13,0,5
11,22,2018,14,0,5
11,22,2018,15,0,5
11,22,2018,16,0,5
11,22,2018,17,0,5
11,22,2018,18,0,5
11,22,2018,19,0,5
11,22,2018,20,0,5
11,22,2018,21,0,5
11,22,2018,22,0,5
11,22,2018,23,0,5
11,23,2018,0,0,6
11,23,2018,1,0,6
11,23,2018,2,0,6
11,23,2018,3,0,6
11,23,2018,4,0,6
11,23,2018,5,0,6
11,23,2018,6,0,6
11,23,2018,7,0,6
11,23,2018,8,0,6
11,23,2018,9,0,6
11,23,2018,10,0,6
11,23,2018,11,0,6
11,23,2018,12,0,6
11,23,2018,13,0,6
11,23,2018,14,0,6
11,23,2018,15,0,6
11,23,2018,16,0,6
11,23,2018,17,0,6
11,23,2018,18,0,6
11,23,2018,19,0,6
11,23,2018,20,0,6
11,23,2018,21,0,6
11,23,2018,22,0,6
11,23,2018,23,0,6
11,24,2018,0,0,7
11,24,2018,1,0,7
11,24,2018,2,0,7
11,24,2018,3,0,7
11,24,2018,4,0,7
11,24,2018,5,0,7
11,24,2018,6,0,7
11,24,2018,7,0,7
11,24,2018,8,0,7
11,24,2018,9,0,7
11,24,2018,10,0,7
11,24,2018,11,0,7
11,24,2018,12,0,7
11,24,2018,13,0,7
11,24,2018,14,0,7
11,24,2018,15,0,7
11,24,2018,16,0,7
11,24,2018,17,0,7
11,24,2018,18,0,7
11,24,2018,19,0,7
11,24,2018,20,0,7
11,24,2018,21,0,7
11,24,2018,22,0,7
11,24,2018,23,0,7
11,25,2018,0,0,8
11,25,2018,1,0,8
11,25,2018,2,0,8
11,25,2018,3,0,8
11,25,2018,4,0,8
11,25,2018,5,0,8
11,25,2018,6,0,8
11,25,2018,7,0,8
11,25,2018,8,0,8
11,25,2018,9,0,8
11,25,2018,10,0,8
11,25,2018,11,0,8
11,25,2018,12,0,8
11,25,2018,13,0,8
11,25,2018,14,0,8
11,25,2018,15,0,8
11,25,2018,16,0,8
11,25,2018,17,0,8
11,25,2018,18,0,8
11,25,2018,19,0,8
11,25,2018,20,0,8
11,25,2018,21,0,8
11,25,2018,22,0,8
11,25,2018,23,0,8
11,26,2018,0,0,2
11,26,2018,1,0,2
11,26,2018,2,0,2
11,26,2018,3,0,2
11,26,2018,4,0,2
11,26,2018,5,0,2
11,26,2018,6,0,2
11,26,2018,7,0,2
11,26,2018,8,0,2
11,26,2018,9,0,2
11,26,2018,10,0,2
11,26,2018,11,0,2
11,26,2018,12,0,2
11,26,2018,13,0,2
11,26,2018,14,0,2
11,26,2018,15,0,2
11,26,2018,16,0,2
11,26,2018,17,0,2
11,26,2018,18,0,2
11,26,2018,19,0,2
11,26,2018,20,0,2
11,26,2018,21,0,2
11,26,2018,22,0,2
11,26,2018,23,0,2
11,27,2018,0,0,3
11,27,2018,1,0,3
11,27,2018,2,0,3
11,27,2018,3,0,3
11,27,2018,4,0,3
11,27,2018,5,0,3
11,27,2018,6,0,3
11,27,2018,7,0,3
11,27,2018,8,0,3
11,27,2018,9,0,3
11,27,2018,10,0,3
11,27,2018,11,0,3
11,27,2018,12,0,3
11,27,2018,13,0,3
11,27,2018,14,0,3
11,27,2018,15,0,3
11,27,2018,16,0,3
11,27,2018,17,0,3
11,27,2018,18,0,3
11,27,2018,19,0,3
11,27,2018,20,0,3
11,27,2018,21,0,3
11,27,2018,22,0,3
11,27,2018,23,0,3
11,28,2018,0,0,4
11,28,2018,1,0,4
11,28,2018,2,0,4
11,28,2018,3,0,4
11,28,2018,4,0,4
11,28,2018,5,0,4
11,28,2018,6,0,4
11,28,2018,7,0,4
11,28,2018,8,0,4
11,28,2018,9,0,4
11,28,2018,10,0,4
11,28,2018,11,0,4
11,28,2018,12,0,4
11,28,2018,13,0,4
11,28,2018,14,0,4
11,28,2018,15,0,4
11,28,2018,16,0,4
11,28,2018,17,0,4
11,28,2018,18,0,4
11,28,2018,19,0,4
11,28,2018,20,0,4
11,28,2018,21,0,4
11,28,2018,22,0,4
11,28,2018,23,0,4
11,29,2018,0,0,5
11,29,2018,1,0,5
11,29,2018,2,0,5
11,29,2018,3,0,5
11,29,2018,4,0,5
11,29,2018,5,0,5
11,29,2018,6,0,5
11,29,2018,7,0,5
11,29,2018,8,0,5
11,29,2018,9,0,5
11,29,2018,10,0,5
11,29,2018,11,0,5
11,29,2018,12,0,5
11,29,2018,13,0,5
11,29,2018,14,0,5
11,29,2018,15,0,5
11,29,2018,16,0,5
11,29,2018,17,0,5
11,29,2018,18,0,5
11,29,2018,19,0,5
11,29,2018,20,0,5
11,29,2018,21,0,5
11,29,2018,22,0,5
11,29,2018,23,0,5
11,30,2018,0,0,6
11,30,2018,1,0,6
11,30,2018,2,0,6
11,30,2018,3,0,6
11,30,2018,4,0,6
11,30,2018,5,0,6
11,30,2018,6,0,6
11,30,2018,7,0,6
11,30,2018,8,0,6
11,30,2018,9,0,6
11,30,2018,10,0,6
11,30,2018,11,0,6
11,30,2018,12,0,6
11,30,2018,13,0,6
11,30,2018,14,0,6
11,30,2018,15,0,6
11,30,2018,16,0,6
11,30,2018,17,0,6
11,30,2018,18,0,6
11,30,2018,19,0,6
11,30,2018,20,0,6
11,30,2018,21,0,6
11,30,2018,22,0,6
11,30,2018,23,0,6
12,1,2018,0,0,7
12,1,2018,1,0,7
12,1,2018,2,0,7
12,1,2018,3,0,7
12,1,2018,4,0,7
12,1,2018,5,0,7
12,1,2018,6,0,7
12,1,2018,7,0,7
12,1,2018,8,0,7
12,1,2018,9,0,7
12,1,2018,10,0,7
12,1,2018,11,0,7
12,1,2018,12,0,7
12,1,2018,13,0,7
12,1,2018,14,0,7
12,1,2018,15,0,7
12,1,2018,16,0,7
12,1,2018,17,0,7
12,1,2018,18,0,7
12,1,2018,19,0,7
12,1,2018,20,0,7
12,1,2018,21,0,7
12,1,2018,22,0,7
12,1,2018,23,0,7
12,2,2018,0,0,8
12,2,2018,1,0,8
12,2,2018,2,0,8
12,2,2018,3,0,8
12,2,2018,4,0,8
12,2,2018,5,0,8
12,2,2018,6,0,8
12,2,2018,7,0,8
12,2,2018,8,0,8
12,2,2018,9,0,8
12,2,2018,10,0,8
12,2,2018,11,0,8
12,2,2018,12,0,8
12,2,2018,13,0,8
12,2,2018,14,0,8
12,2,2018,15,0,8
12,2,2018,16,0,8
12,2,2018,17,0,8
12,2,2018,18,0,8
12,2,2018,19,0,8
12,2,2018,20,0,8
12,2,2018,21,0,8
12,2,2018,22,0,8
12,2,2018,23,0,8
12,3,2018,0,0,2
12,3,2018,1,0,2
12,3,2018,2,0,2
12,3,2018,3,0,2
12,3,2018,4,0,2
12,3,2018,5,0,2
12,3,2018,6,0,2
12,3,2018,7,0,2
12,3,2018,8,0,2
12,3,2018,9,0,2
12,3,2018,10,0,2
12,3,2018,11,0,2
12,3,2018,12,0,2
12,3,2018,13,0,2
12,3,2018,14,0,2
12,3,2018,15,0,2
12,3,2018,16,0,2
12,3,2018,17,0,2
12,3,2018,18,0,2
12,3,2018,19,0,2
12,3,2018,20,0,2
12,3,2018,21,0,2
12,3,2018,22,0,2
12,3,2018,23,0,2
12,4,2018,0,0,3
12,4,2018,1,0,3
12,4,2018,2,0,3
12,4,2018,3,0,3
12,4,2018,4,0,3
12,4,2018,5,0,3
12,4,2018,6,0,3
12,4,2018,7,0,3
12,4,2018,8,0,3
12,4,2018,9,0,3
12,4,2018,10,0,3
12,4,2018,11,0,3
12,4,2018,12,0,3
12,4,2018,13,0,3
12,4,2018,14,0,3
12,4,2018,15,0,3
12,4,2018,16,0,3
12,4,2018,17,0,3
12,4,2018,18,0,3
12,4,2018,19,0,3
12,4,2018,20,0,3
12,4,2018,21,0,3
12,4,2018,22,0,3
12,4,2018,23,0,3
12,5,2018,0,0,4
12,5,2018,1,0,4
12,5,2018,2,0,4
12,5,2018,3,0,4
12,5,2018,4,0,4
12,5,2018,5,0,4
12,5,2018,6,0,4
12,5,2018,7,0,4
12,5,2018,8,0,4
12,5,2018,9,0,4
12,5,2018,10,0,4
12,5,2018,11,0,4
12,5,2018,12,0,4
12,5,2018,13,0,4
12,5,2018,14,0,4
12,5,2018,15,0,4
12,5,2018,16,0,4
12,5,2018,17,0,4
12,5,2018,18,0,4
12,5,2018,19,0,4
12,5,2018,20,0,4
12,5,2018,21,0,4
12,5,2018,22,0,4
12,5,2018,23,0,4
12,6,2018,0,0,5
12,6,2018,1,0,5
12,6,2018,2,0,5
12,6,2018,3,0,5
12,6,2018,4,0,5
12,6,2018,5,0,5
12,6,2018,6,0,5
12,6,2018,7,0,5
12,6,2018,8,0,5
12,6,2018,9,0,5
12,6,2018,10,0,5
12,6,2018,11,0,5
12,6,2018,12,0,5
12,6,2018,13,0,5
12,6,2018,14,0,5
12,6,2018,15,0,5
12,6,2018,16,0,5
12,6,2018,17,0,5
12,6,2018,18,0,5
12,6,2018,19,0,5
12,6,2018,20,0,5
12,6,2018,21,0,5
12,6,2018,22,0,5
12,6,2018,23,0,5
12,7,2018,0,0,6
12,7,2018,1,0,6
12,7,2018,2,0,6
12,7,2018,3,0,6
12,7,2018,4,0,6
12,7,2018,5,0,6
12,7,2018,6,0,6
12,7,2018,7,0,6
12,7,2018,8,0,6
12,7,2018,9,0,6
12,7,2018,10,0,6
12,7,2018,11,0,6
12,7,2018,12,0,6
12,7,2018,13,0,6
12,7,2018,14,0,6
12,7,2018,15,0,6
12,7,2018,16,0,6
12,7,2018,17,0,6
12,7,2018,18,0,6
12,7,2018,19,0,6
12,7,2018,20,0,6
12,7,2018,21,0,6
12,7,2018,22,0,6
12,7,2018,23,0,6
12,8,2018,0,0,7
12,8,2018,1,0,7
12,8,2018,2,0,7
12,8,2018,3,0,7
12,8,2018,4,0,7
12,8,2018,5,0,7
12,8,2018,6,0,7
12,8,2018,7,0,7
12,8,2018,8,0,7
12,8,2018,9,0,7
12,8,2018,10,0,7
12,8,2018,11,0,7
12,8,2018,12,0,7
12,8,2018,13,0,7
12,8,2018,14,0,7
12,8,2018,15,0,7
12,8,2018,16,0,7
12,8,2018,17,0,7
12,8,2018,18,0,7
12,8,2018,19,0,7
12,8,2018,20,0,7
12,8,2018,21,0,7
12,8,2018,22,0,7
12,8,2018,23,0,7
12,9,2018,0,0,8
12,9,2018,1,0,8
12,9,2018,2,0,8
12,9,2018,3,0,8
12,9,2018,4,0,8
12,9,2018,5,0,8
12,9,2018,6,0,8
12,9,2018,7,0,8
12,9,2018,8,0,8
12,9,2018,9,0,8
12,9,2018,10,0,8
12,9,2018,11,0,8
12,9,2018,12,0,8
12,9,2018,13,0,8
12,9,2018,14,0,8
12,9,2018,15,0,8
12,9,2018,16,0,8
12,9,2018,17,0,8
12,9,2018,18,0,8
12,9,2018,19,0,8
12,9,2018,20,0,8
12,9,2018,21,0,8
12,9,2018,22,0,8
12,9,2018,23,0,8
12,10,2018,0,0,2
12,10,2018,1,0,2
12,10,2018,2,0,2
12,10,2018,3,0,2
12,10,2018,4,0,2
12,10,2018,5,0,2
12,10,2018,6,0,2
12,10,2018,7,0,2
12,10,2018,8,0,2
12,10,2018,9,0,2
12,10,2018,10,0,2
12,10,2018,11,0,2
12,10,2018,12,0,2
12,10,2018,13,0,2
12,10,2018,14,0,2
12,10,2018,15,0,2
12,10,2018,16,0,2
12,10,2018,17,0,2
12,10,2018,18,0,2
12,10,2018,19,0,2
12,10,2018,20,0,2
12,10,2018,21,0,2
12,10,2018,22,0,2
12,10,2018,23,0,2
12,11,2018,0,0,3
12,11,2018,1,0,3
12,11,2018,2,0,3
12,11,2018,3,0,3
12,11,2018,4,0,3
12,11,2018,5,0,3
12,11,2018,6,0,3
12,11,2018,7,0,3
12,11,2018,8,0,3
12,11,2018,9,0,3
12,11,2018,10,0,3
12,11,2018,11,0,3
12,11,2018,12,0,3
12,11,2018,13,0,3
12,11,2018,14,0,3
12,11,2018,15,0,3
12,11,2018,16,0,3
12,11,2018,17,0,3
12,11,2018,18,0,3
12,11,2018,19,0,3
12,11,2018,20,0,3
12,11,2018,21,0,3
12,11,2018,22,0,3
12,11,2018,23,0,3
12,12,2018,0,0,4
12,12,2018,1,0,4
12,12,2018,2,0,4
12,12,2018,3,0,4
12,12,2018,4,0,4
12,12,2018,5,0,4
12,12,2018,6,0,4
12,12,2018,7,0,4
12,12,2018,8,0,4
12,12,2018,9,0,4
12,12,2018,10,0,4
12,12,2018,11,0,4
12,12,2018,12,0,4
12,12,2018,13,0,4
12,12,2018,14,0,4
12,12,2018,15,0,4
12,12,2018,16,0,4
12,12,2018,17,0,4
12,12,2018,18,0,4
12,12,2018,19,0,4
12,12,2018,20,0,4
12,12,2018,21,0,4
12,12,2018,22,0,4
12,12,2018,23,0,4
12,13,2018,0,0,5
12,13,2018,1,0,5
12,13,2018,2,0,5
12,13,2018,3,0,5
12,13,2018,4,0,5
12,13,2018,5,0,5
12,13,2018,6,0,5
12,13,2018,7,0,5
12,13,2018,8,0,5
12,13,2018,9,0,5
12,13,2018,10,0,5
12,13,2018,11,0,5
12,13,2018,12,0,5
12,13,2018,13,0,5
12,13,2018,14,0,5
12,13,2018,15,0,5
12,13,2018,16,0,5
12,13,2018,17,0,5
12,13,2018,18,0,5
12,13,2018,19,0,5
12,13,2018,20,0,5
12,13,2018,21,0,5
12,13,2018,22,0,5
12,13,2018,23,0,5
12,14,2018,0,0,6
12,14,2018,1,0,6
12,14,2018,2,0,6
12,14,2018,3,0,6
12,14,2018,4,0,6
12,14,2018,5,0,6
12,14,2018,6,0,6
12,14,2018,7,0,6
12,14,2018,8,0,6
12,14,2018,9,0,6
12,14,2018,10,0,6
12,14,2018,11,0,6
12,14,2018,12,0,6
12,14,2018,13,0,6
12,14,2018,14,0,6
12,14,2018,15,0,6
12,14,2018,16,0,6
12,14,2018,17,0,6
12,14,2018,18,0,6
12,14,2018,19,0,6
12,14,2018,20,0,6
12,14,2018,21,0,6
12,14,2018,22,0,6
12,14,2018,23,0,6
12,15,2018,0,0,7
12,15,2018,1,0,7
12,15,2018,2,0,7
12,15,2018,3,0,7
12,15,2018,4,0,7
12,15,2018,5,0,7
12,15,2018,6,0,7
12,15,2018,7,0,7
12,15,2018,8,0,7
12,15,2018,9,0,7
12,15,2018,10,0,7
12,15,2018,11,0,7
12,15,2018,12,0,7
12,15,2018,13,0,7
12,15,2018,14,0,7
12,15,2018,15,0,7
12,15,2018,16,0,7
12,15,2018,17,0,7
12,15,2018,18,0,7
12,15,2018,19,0,7
12,15,2018,20,0,7
12,15,2018,21,0,7
12,15,2018,22,0,7
12,15,2018,23,0,7
12,16,2018,0,0,8
12,16,2018,1,0,8
12,16,2018,2,0,8
12,16,2018,3,0,8
12,16,2018,4,0,8
12,16,2018,5,0,8
12,16,2018,6,0,8
12,16,2018,7,0,8
12,16,2018,8,0,8
12,16,2018,9,0,8
12,16,2018,10,0,8
12,16,2018,11,0,8
12,16,2018,12,0,8
12,16,2018,13,0,8
12,16,2018,14,0,8
12,16,2018,15,0,8
12,16,2018,16,0,8
12,16,2018,17,0,8
12,16,2018,18,0,8
12,16,2018,19,0,8
12,16,2018,20,0,8
12,16,2018,21,0,8
12,16,2018,22,0,8
12,16,2018,23,0,8
12,17,2018,0,0,2
12,17,2018,1,0,2
12,17,2018,2,0,2
12,17,2018,3,0,2
12,17,2018,4,0,2
12,17,2018,5,0,2
12,17,2018,6,0,2
12,17,2018,7,0,2
12,17,2018,8,0,2
12,17,2018,9,0,2
12,17,2018,10,0,2
12,17,2018,11,0,2
12,17,2018,12,0,2
12,17,2018,13,0,2
12,17,2018,14,0,2
12,17,2018,15,0,2
12,17,2018,16,0,2
12,17,2018,17,0,2
12,17,2018,18,0,2
12,17,2018,19,0,2
12,17,2018,20,0,2
12,17,2018,21,0,2
12,17,2018,22,0,2
12,17,2018,23,0,2
12,18,2018,0,0,3
12,18,2018,1,0,3
12,18,2018,2,0,3
12,18,2018,3,0,3
12,18,2018,4,0,3
12,18,2018,5,0,3
12,18,2018,6,0,3
12,18,2018,7,0,3
12,18,2018,8,0,3
12,18,2018,9,0,3
12,18,2018,10,0,3
12,18,2018,11,0,3
12,18,2018,12,0,3
12,18,2018,13,0,3
12,18,2018,14,0,3
12,18,2018,15,0,3
12,18,2018,16,0,3
12,18,2018,17,0,3
12,18,2018,18,0,3
12,18,2018,19,0,3
12,18,2018,20,0,3
12,18,2018,21,0,3
12,18,2018,22,0,3
12,18,2018,23,0,3
12,19,2018,0,0,4
12,19,2018,1,0,4
12,19,2018,2,0,4
12,19,2018,3,0,4
12,19,2018,4,0,4
12,19,2018,5,0,4
12,19,2018,6,0,4
12,19,2018,7,0,4
12,19,2018,8,0,4
12,19,2018,9,0,4
12,19,2018,10,0,4
12,19,2018,11,0,4
12,19,2018,12,0,4
12,19,2018,13,0,4
12,19,2018,14,0,4
12,19,2018,15,0,4
12,19,2018,16,0,4
12,19,2018,17,0,4
12,19,2018,18,0,4
12,19,2018,19,0,4
12,19,2018,20,0,4
12,19,2018,21,0,4
12,19,2018,22,0,4
12,19,2018,23,0,4
12,20,2018,0,0,5
12,20,2018,1,0,5
12,20,2018,2,0,5
12,20,2018,3,0,5
12,20,2018,4,0,5
12,20,2018,5,0,5
12,20,2018,6,0,5
12,20,2018,7,0,5
12,20,2018,8,0,5
12,20,2018,9,0,5
12,20,2018,10,0,5
12,20,2018,11,0,5
12,20,2018,12,0,5
12,20,2018,13,0,5
12,20,2018,14,0,5
12,20,2018,15,0,5
12,20,2018,16,0,5
12,20,2018,17,0,5
12,20,2018,18,0,5
12,20,2018,19,0,5
12,20,2018,20,0,5
12,20,2018,21,0,5
12,20,2018,22,0,5
12,20,2018,23,0,5
12,21,2018,0,0,6
12,21,2018,1,0,6
12,21,2018,2,0,6
12,21,2018,3,0,6
12,21,2018,4,0,6
12,21,2018,5,0,6
12,21,2018,6,0,6
12,21,2018,7,0,6
12,21,2018,8,0,6
12,21,2018,9,0,6
12,21,2018,10,0,6
12,21,2018,11,0,6
12,21,2018,12,0,6
12,21,2018,13,0,6
12,21,2018,14,0,6
12,21,2018,15,0,6
12,21,2018,16,0,6
12,21,2018,17,0,6
12,21,2018,18,0,6
12,21,2018,19,0,6
12,21,2018,20,0,6
12,21,2018,21,0,6
12,21,2018,22,0,6
12,21,2018,23,0,6
12,22,2018,0,0,7
12,22,2018,1,0,7
12,22,2018,2,0,7
12,22,2018,3,0,7
12,22,2018,4,0,7
12,22,2018,5,0,7
12,22,2018,6,0,7
12,22,2018,7,0,7
12,22,2018,8,0,7
12,22,2018,9,0,7
12,22,2018,10,0,7
12,22,2018,11,0,7
12,22,2018,12,0,7
12,22,2018,13,0,7
12,22,2018,14,0,7
12,22,2018,15,0,7
12,22,2018,16,0,7
12,22,2018,17,0,7
12,22,2018,18,0,7
12,22,2018,19,0,7
12,22,2018,20,0,7
12,22,2018,21,0,7
12,22,2018,22,0,7
12,22,2018,23,0,7
12,23,2018,0,0,8
12,23,2018,1,0,8
12,23,2018,2,0,8
12,23,2018,3,0,8
12,23,2018,4,0,8
12,23,2018,5,0,8
12,23,2018,6,0,8
12,23,2018,7,0,8
12,23,2018,8,0,8
12,23,2018,9,0,8
12,23,2018,10,0,8
12,23,2018,11,0,8
12,23,2018,12,0,8
12,23,2018,13,0,8
12,23,2018,14,0,8
12,23,2018,15,0,8
12,23,2018,16,0,8
12,23,2018,17,0,8
12,23,2018,18,0,8
12,23,2018,19,0,8
12,23,2018,20,0,8
12,23,2018,21,0,8
12,23,2018,22,0,8
12,23,2018,23,0,8
12,24,2018,0,0,2
12,24,2018,1,0,2
12,24,2018,2,0,2
12,24,2018,3,0,2
12,24,2018,4,0,2
12,24,2018,5,0,2
12,24,2018,6,0,2
12,24,2018,7,0,2
12,24,2018,8,0,2
12,24,2018,9,0,2
12,24,2018,10,0,2
12,24,2018,11,0,2
12,24,2018,12,0,2
12,24,2018,13,0,2
12,24,2018,14,0,2
12,24,2018,15,0,2
12,24,2018,16,0,2
12,24,2018,17,0,2
12,24,2018,18,0,2
12,24,2018,19,0,2
12,24,2018,20,0,2
12,24,2018,21,0,2
12,24,2018,22,0,2
12,24,2018,23,0,2
12,25,2018,0,0,3
12,25,2018,1,0,3
12,25,2018,2,0,3
12,25,2018,3,0,3
12,25,2018,4,0,3
12,25,2018,5,0,3
12,25,2018,6,0,3
12,25,2018,7,0,3
12,25,2018,8,0,3
12,25,2018,9,0,3
12,25,2018,10,0,3
12,25,2018,11,0,3
12,25,2018,12,0,3
12,25,2018,13,0,3
12,25,2018,14,0,3
12,25,2018,15,0,3
12,25,2018,16,0,3
12,25,2018,17,0,3
12,25,2018,18,0,3
12,25,2018,19,0,3
12,25,2018,20,0,3
12,25,2018,21,0,3
12,25,2018,22,0,3
12,25,2018,23,0,3
12,26,2018,0,0,4
12,26,2018,1,0,4
12,26,2018,2,0,4
12,26,2018,3,0,4
12,26,2018,4,0,4
12,26,2018,5,0,4
12,26,2018,6,0,4
12,26,2018,7,0,4
12,26,2018,8,0,4
12,26,2018,9,0,4
12,26,2018,10,0,4
12,26,2018,11,0,4
12,26,2018,12,0,4
12,26,2018,13,0,4
12,26,2018,14,0,4
12,26,2018,15,0,4
12,26,2018,16,0,4
12,26,2018,17,0,4
12,26,2018,18,0,4
12,26,2018,19,0,4
12,26,2018,20,0,4
12,26,2018,21,0,4
12,26,2018,22,0,4
12,26,2018,23,0,4
12,27,2018,0,0,5
12,27,2018,1,0,5
12,27,2018,2,0,5
12,27,2018,3,0,5
12,27,2018,4,0,5
12,27,2018,5,0,5
12,27,2018,6,0,5
12,27,2018,7,0,5
12,27,2018,8,0,5
12,27,2018,9,0,5
12,27,2018,10,0,5
12,27,2018,11,0,5
12,27,2018,12,0,5
12,27,2018,13,0,5
12,27,2018,14,0,5
12,27,2018,15,0,5
12,27,2018,16,0,5
12,27,2018,17,0,5
12,27,2018,18,0,5
12,27,2018,19,0,5
12,27,2018,20,0,5
12,27,2018,21,0,5
12,27,2018,22,0,5
12,27,2018,23,0,5
12,28,2018,0,0,6
12,28,2018,1,0,6
12,28,2018,2,0,6
12,28,2018,3,0,6
12,28,2018,4,0,6
12,28,2018,5,0,6
12,28,2018,6,0,6
12,28,2018,7,0,6
12,28,2018,8,0,6
12,28,2018,9,0,6
12,28,2018,10,0,6
12,28,2018,11,0,6
12,28,2018,12,0,6
12,28,2018,13,0,6
12,28,2018,14,0,6
12,28,2018,15,0,6
12,28,2018,16,0,6
12,28,2018,17,0,6
12,28,2018,18,0,6
12,28,2018,19,0,6
12,28,2018,20,0,6
12,28,2018,21,0,6
12,28,2018,22,0,6
12,28,2018,23,0,6
12,29,2018,0,0,7
12,29,2018,1,0,7
12,29,2018,2,0,7
12,29,2018,3,0,7
12,29,2018,4,0,7
12,29,2018,5,0,7
12,29,2018,6,0,7
12,29,2018,7,0,7
12,29,2018,8,0,7
12,29,2018,9,0,7
12,29,2018,10,0,7
12,29,2018,11,0,7
12,29,2018,12,0,7
12,29,2018,13,0,7
12,29,2018,14,0,7
12,29,2018,15,0,7
12,29,2018,16,0,7
12,29,2018,17,0,7
12,29,2018,18,0,7
12,29,2018,19,0,7
12,29,2018,20,0,7
12,29,2018,21,0,7
12,29,2018,22,0,7
12,29,2018,23,0,7
12,30,2018,0,0,8
12,30,2018,1,0,8
12,30,2018,2,0,8
12,30,2018,3,0,8
12,30,2018,4,0,8
12,30,2018,5,0,8
12,30,2018,6,0,8
12,30,2018,7,0,8
12,30,2018,8,0,8
12,30,2018,9,0,8
12,30,2018,10,0,8
12,30,2018,11,0,8
12,30,2018,12,0,8
12,30,2018,13,0,8
12,30,2018,14,0,8
12,30,2018,15,0,8
12,30,2018,16,0,8
12,30,2018,17,0,8
12,30,2018,18,0,8
12,30,2018,19,0,8
12,30,2018,20,0,8
12,30,2018,21,0,8
12,30,2018,22,0,8
12,30,2018,23,0,8
12,31,2018,0,0,2
12,31,2018,1,0,2
12,31,2018,2,0,2
12,31,2018,3,0,2
12,31,2018,4,0,2
12,31,2018,5,0,2
12,31,2018,6,0,2
12,31,2018,7,0,2
12,31,2018,8,0,2
12,31,2018,9,0,2
12,31,2018,10,0,2
12,31,2018,11,0,2
12,31,2018,12,0,2
12,31,2018,13,0,2
12,31,2018,14,0,2
12,31,2018,15,0,2
12,31,2018,16,0,2
12,31,2018,17,0,2
12,31,2018,18,0,2
12,31,2018,19,0,2
12,31,2018,20,0,2
12,31,2018,21,0,2
12,31,2018,22,0,2
12,31,2018,23,0,2
1,1,2019,0,0,3
1,1,2019,1,0,3
1,1,2019,2,0,3
1,1,2019,3,0,3
1,1,2019,4,0,3
1,1,2019,5,0,3
1,1,2019,6,0,3
1,1,2019,7,0,3
1,1,2019,8,0,3
1,1,2019,9,0,3
1,1,2019,10,0,3
1,1,2019,11,0,3
1,1,2019,12,0,3
1,1,2019,13,0,3
1,1,2019,14,0,3
1,1,2019,15,0,3
1,1,2019,16,0,3
1,1,2019,17,0,3
1,1,2019,18,0,3
1,1,2019,19,0,3
1,1,2019,20,0,3
1,1,2019,21,0,3
1,1,2019,22,0,3
1,1,2019,23,0,3
1,2,2019,0,0,4
1,2,2019,1,0,4
1,2,2019,2,0,4
1,2,2019,3,0,4
1,2,2019,4,0,4
1,2,2019,5,0,4
1,2,2019,6,0,4
1,2,2019,7,0,4
1,2,2019,8,0,4
1,2,2019,9,0,4
1,2,2019,10,0,4
1,2,2019,11,0,4
1,2,2019,12,0,4
1,2,2019,13,0,4
1,2,2019,14,0,4
1,2,2019,15,0,4
1,2,2019,16,0,4
1,2,2019,17,0,4
1,2,2019,18,0,4
1,2,2019,19,0,4
1,2,2019,20,0,4
1,2,2019,21,0,4
1,2,2019,22,0,4
1,2,2019,23,0,4
1,3,2019,0,0,5
1,3,2019,1,0,5
1,3,2019,2,0,5
1,3,2019,3,0,5
1,3,2019,4,0,5
1,3,2019,5,0,5
1,3,2019,6,0,5
1,3,2019,7,0,5
1,3,2019,8,0,5
1,3,2019,9,0,5
1,3,2019,10,0,5
1,3,2019,11,0,5
1,3,2019,12,0,5
1,3,2019,13,0,5
1,3,2019,14,0,5
1,3,2019,15,0,5
1,3,2019,16,0,5
1,3,2019,17,0,5
1,3,2019,18,0,5
1,3,2019,19,0,5
1,3,2019,20,0,5
1,3,2019,21,0,5
1,3,2019,22,0,5
1,3,2019,23,0,5
1,4,2019,0,0,6
1,4,2019,1,0,6
1,4,2019,2,0,6
1,4,2019,3,0,6
1,4,2019,4,0,6
1,4,2019,5,0,6
1,4,2019,6,0,6
1,4,2019,7,0,6
1,4,2019,8,0,6
1,4,2019,9,0,6
1,4,2019,10,0,6
1,4,2019,11,0,6
1,4,2019,12,0,6
1,4,2019,13,0,6
1,4,2019,14,0,6
1,4,2019,15,0,6
1,4,2019,16,0,6
1,4,2019,17,0,6
1,4,2019,18,0,6
1,4,2019,19,0,6
1,4,2019,20,0,6
1,4,2019,21,0,6
1,4,2019,22,0,6
1,4,2019,23,0,6
1,5,2019,0,0,7
1,5,2019,1,0,7
1,5,2019,2,0,7
1,5,2019,3,0,7
1,5,2019,4,0,7
1,5,2019,5,0,7
1,5,2019,6,0,7
1,5,2019,7,0,7
1,5,2019,8,0,7
1,5,2019,9,0,7
1,5,2019,10,0,7
1,5,2019,11,0,7
1,5,2019,12,0,7
1,5,2019,13,0,7
1,5,2019,14,0,7
1,5,2019,15,0,7
1,5,2019,16,0,7
1,5,2019,17,0,7
1,5,2019,18,0,7
1,5,2019,19,0,7
1,5,2019,20,0,7
1,5,2019,21,0,7
1,5,2019,22,0,7
1,5,2019,23,0,7
1,6,2019,0,0,8
1,6,2019,1,0,8
1,6,2019,2,0,8
1,6,2019,3,0,8
1,6,2019,4,0,8
1,6,2019,5,0,8
1,6,2019,6,0,8
1,6,2019,7,0,8
1,6,2019,8,0,8
1,6,2019,9,0,8
1,6,2019,10,0,8
1,6,2019,11,0,8
1,6,2019,12,0,8
1,6,2019,13,0,8
1,6,2019,14,0,8
1,6,2019,15,0,8
1,6,2019,16,0,8
1,6,2019,17,0,8
1,6,2019,18,0,8
1,6,2019,19,0,8
1,6,2019,20,0,8
1,6,2019,21,0,8
1,6,2019,22,0,8
1,6,2019,23,0,8
1,7,2019,0,0,2
1,7,2019,1,0,2
1,7,2019,2,0,2
1,7,2019,3,0,2
1,7,2019,4,0,2
1,7,2019,5,0,2
1,7,2019,6,0,2
1,7,2019,7,0,2
1,7,2019,8,0,2
1,7,2019,9,0,2
1,7,2019,10,0,2
1,7,2019,11,0,2
1,7,2019,12,0,2
1,7,2019,13,0,2
1,7,2019,14,0,2
1,7,2019,15,0,2
1,7,2019,16,0,2
1,7,2019,17,0,2
1,7,2019,18,0,2
1,7,2019,19,0,2
1,7,2019,20,0,2
1,7,2019,21,0,2
1,7,2019,22,0,2
1,7,2019,23,0,2
1,8,2019,0,0,3
1,8,2019,1,0,3
1,8,2019,2,0,3
1,8,2019,3,0,3
1,8,2019,4,0,3
1,8,2019,5,0,3
1,8,2019,6,0,3
1,8,2019,7,0,3
1,8,2019,8,0,3
1,8,2019,9,0,3
1,8,2019,10,0,3
1,8,2019,11,0,3
1,8,2019,12,0,3
1,8,2019,13,0,3
1,8,2019,14,0,3
1,8,2019,15,0,3
1,8,2019,16,0,3
1,8,2019,17,0,3
1,8,2019,18,0,3
1,8,2019,19,0,3
1,8,2019,20,0,3
1,8,2019,21,0,3
1,8,2019,22,0,3
1,8,2019,23,0,3
1,9,2019,0,0,4
1,9,2019,1,0,4
1,9,2019,2,0,4
1,9,2019,3,0,4
1,9,2019,4,0,4
1,9,2019,5,0,4
1,9,2019,6,0,4
1,9,2019,7,0,4
1,9,2019,8,0,4
1,9,2019,9,0,4
1,9,2019,10,0,4
1,9,2019,11,0,4
1,9,2019,12,0,4
1,9,2019,13,0,4
1,9,2019,14,0,4
1,9,2019,15,0,4
1,9,2019,16,0,4
1,9,2019,17,0,4
1,9,2019,18,0,4
1,9,2019,19,0,4
1,9,2019,20,0,4
1,9,2019,21,0,4
1,9,2019,22,0,4
1,9,2019,23,0,4
1,10,2019,0,0,5
1,10,2019,1,0,5
1,10,2019,2,0,5
1,10,2019,3,0,5
1,10,2019,4,0,5
1,10,2019,5,0,5
1,10,2019,6,0,5
1,10,2019,7,0,5
1,10,2019,8,0,5
1,10,2019,9,0,5
1,10,2019,10,0,5
1,10,2019,11,0,5
1,10,2019,12,0,5
1,10,2019,13,0,5
1,10,2019,14,0,5
1,10,2019,15,0,5
1,10,2019,16,0,5
1,10,2019,17,0,5
1,10,2019,18,0,5
1,10,2019,19,0,5
1,10,2019,20,0,5
1,10,2019,21,0,5
1,10,2019,22,0,5
1,10,2019,23,0,5
1,11,2019,0,0,6
1,11,2019,1,0,6
1,11,2019,2,0,6
1,11,2019,3,0,6
1,11,2019,4,0,6
1,11,2019,5,0,6
1,11,2019,6,0,6
1,11,2019,7,0,6
1,11,2019,8,0,6
1,11,2019,9,0,6
1,11,2019,10,0,6
1,11,2019,11,0,6
1,11,2019,12,0,6
1,11,2019,13,0,6
1,11,2019,14,0,6
1,11,2019,15,0,6
1,11,2019,16,0,6
1,11,2019,17,0,6
1,11,2019,18,0,6
1,11,2019,19,0,6
1,11,2019,20,0,6
1,11,2019,21,0,6
1,11,2019,22,0,6
1,11,2019,23,0,6
1,12,2019,0,0,7
1,12,2019,1,0,7
1,12,2019,2,0,7
1,12,2019,3,0,7
1,12,2019,4,0,7
1,12,2019,5,0,7
1,12,2019,6,0,7
1,12,2019,7,0,7
1,12,2019,8,0,7
1,12,2019,9,0,7
1,12,2019,10,0,7
1,12,2019,11,0,7
1,12,2019,12,0,7
1,12,2019,13,0,7
1,12,2019,14,0,7
1,12,2019,15,0,7
1,12,2019,16,0,7
1,12,2019,17,0,7
1,12,2019,18,0,7
1,12,2019,19,0,7
1,12,2019,20,0,7
1,12,2019,21,0,7
1,12,2019,22,0,7
1,12,2019,23,0,7
1,13,2019,0,0,8
1,13,2019,1,0,8
1,13,2019,2,0,8
1,13,2019,3,0,8
1,13,2019,4,0,8
1,13,2019,5,0,8
1,13,2019,6,0,8
1,13,2019,7,0,8
1,13,2019,8,0,8
1,13,2019,9,0,8
1,13,2019,10,0,8
1,13,2019,11,0,8
1,13,2019,12,0,8
1,13,2019,13,0,8
1,13,2019,14,0,8
1,13,2019,15,0,8
1,13,2019,16,0,8
1,13,2019,17,0,8
1,13,2019,18,0,8
1,13,2019,19,0,8
1,13,2019,20,0,8
1,13,2019,21,0,8
1,13,2019,22,0,8
1,13,2019,23,0,8
1,14,2019,0,0,2
1,14,2019,1,0,2
1,14,2019,2,0,2
1,14,2019,3,0,2
1,14,2019,4,0,2
1,14,2019,5,0,2
1,14,2019,6,0,2
1,14,2019,7,0,2
1,14,2019,8,0,2
1,14,2019,9,0,2
1,14,2019,10,0,2
1,14,2019,11,0,2
1,14,2019,12,0,2
1,14,2019,13,0,2
1,14,2019,14,0,2
1,14,2019,15,0,2
1,14,2019,16,0,2
1,14,2019,17,0,2
1,14,2019,18,0,2
1,14,2019,19,0,2
1,14,2019,20,0,2
1,14,2019,21,0,2
1,14,2019,22,0,2
1,14,2019,23,0,2
1,15,2019,0,0,3
1,15,2019,1,0,3
1,15,2019,2,0,3
1,15,2019,3,0,3
1,15,2019,4,0,3
1,15,2019,5,0,3
1,15,2019,6,0,3
1,15,2019,7,0,3
1,15,2019,8,0,3
1,15,2019,9,0,3
1,15,2019,10,0,3
1,15,2019,11,0,3
1,15,2019,12,0,3
1,15,2019,13,0,3
1,15,2019,14,0,3
1,15,2019,15,0,3
1,15,2019,16,0,3
1,15,2019,17,0,3
1,15,2019,18,0,3
1,15,2019,19,0,3
1,15,2019,20,0,3
1,15,2019,21,0,3
1,15,2019,22,0,3
1,15,2019,23,0,3
1,16,2019,0,0,4
1,16,2019,1,0,4
1,16,2019,2,0,4
1,16,2019,3,0,4
1,16,2019,4,0,4
1,16,2019,5,0,4
1,16,2019,6,0,4
1,16,2019,7,0,4
1,16,2019,8,0,4
1,16,2019,9,0,4
1,16,2019,10,0,4
1,16,2019,11,0,4
1,16,2019,12,0,4
1,16,2019,13,0,4
1,16,2019,14,0,4
1,16,2019,15,0,4
1,16,2019,16,0,4
1,16,2019,17,0,4
1,16,2019,18,0,4
1,16,2019,19,0,4
1,16,2019,20,0,4
1,16,2019,21,0,4
1,16,2019,22,0,4
1,16,2019,23,0,4
1,17,2019,0,0,5
1,17,2019,1,0,5
1,17,2019,2,0,5
1,17,2019,3,0,5
1,17,2019,4,0,5
1,17,2019,5,0,5
1,17,2019,6,0,5
1,17,2019,7,0,5
1,17,2019,8,0,5
1,17,2019,9,0,5
1,17,2019,10,0,5
1,17,2019,11,0,5
1,17,2019,12,0,5
1,17,2019,13,0,5
1,17,2019,14,0,5
1,17,2019,15,0,5
1,17,2019,16,0,5
1,17,2019,17,0,5
1,17,2019,18,0,5
1,17,2019,19,0,5
1,17,2019,20,0,5
1,17,2019,21,0,5
1,17,2019,22,0,5
1,17,2019,23,0,5
1,18,2019,0,0,6
1,18,2019,1,0,6
1,18,2019,2,0,6
1,18,2019,3,0,6
1,18,2019,4,0,6
1,18,2019,5,0,6
1,18,2019,6,0,6
1,18,2019,7,0,6
1,18,2019,8,0,6
1,18,2019,9,0,6
1,18,2019,10,0,6
1,18,2019,11,0,6
1,18,2019,12,0,6
1,18,2019,13,0,6
1,18,2019,14,0,6
1,18,2019,15,0,6
1,18,2019,16,0,6
1,18,2019,17,0,6
1,18,2019,18,0,6
1,18,2019,19,0,6
1,18,2019,20,0,6
1,18,2019,21,0,6
1,18,2019,22,0,6
1,18,2019,23,0,6
1,19,2019,0,0,7
1,19,2019,1,0,7
1,19,2019,2,0,7
1,19,2019,3,0,7
1,19,2019,4,0,7
1,19,2019,5,0,7
1,19,2019,6,0,7
1,19,2019,7,0,7
1,19,2019,8,0,7
1,19,2019,9,0,7
1,19,2019,10,0,7
1,19,2019,11,0,7
1,19,2019,12,0,7
1,19,2019,13,0,7
1,19,2019,14,0,7
1,19,2019,15,0,7
1,19,2019,16,0,7
1,19,2019,17,0,7
1,19,2019,18,0,7
1,19,2019,19,0,7
1,19,2019,20,0,7
1,19,2019,21,0,7
1,19,2019,22,0,7
1,19,2019,23,0,7
1,20,2019,0,0,8
1,20,2019,1,0,8
1,20,2019,2,0,8
1,20,2019,3,0,8
1,20,2019,4,0,8
1,20,2019,5,0,8
1,20,2019,6,0,8
1,20,2019,7,0,8
1,20,2019,8,0,8
1,20,2019,9,0,8
1,20,2019,10,0,8
1,20,2019,11,0,8
1,20,2019,12,0,8
1,20,2019,13,0,8
1,20,2019,14,0,8
1,20,2019,15,0,8
1,20,2019,16,0,8
1,20,2019,17,0,8
1,20,2019,18,0,8
1,20,2019,19,0,8
1,20,2019,20,0,8
1,20,2019,21,0,8
1,20,2019,22,0,8
1,20,2019,23,0,8
1,21,2019,0,0,2
1,21,2019,1,0,2
1,21,2019,2,0,2
1,21,2019,3,0,2
1,21,2019,4,0,2
1,21,2019,5,0,2
1,21,2019,6,0,2
1,21,2019,7,0,2
1,21,2019,8,0,2
1,21,2019,9,0,2
1,21,2019,10,0,2
1,21,2019,11,0,2
1,21,2019,12,0,2
1,21,2019,13,0,2
1,21,2019,14,0,2
1,21,2019,15,0,2
1,21,2019,16,0,2
1,21,2019,17,0,2
1,21,2019,18,0,2
1,21,2019,19,0,2
1,21,2019,20,0,2
1,21,2019,21,0,2
1,21,2019,22,0,2
1,21,2019,23,0,2
1,22,2019,0,0,3
1,22,2019,1,0,3
1,22,2019,2,0,3
1,22,2019,3,0,3
1,22,2019,4,0,3
1,22,2019,5,0,3
1,22,2019,6,0,3
1,22,2019,7,0,3
1,22,2019,8,0,3
1,22,2019,9,0,3
1,22,2019,10,0,3
1,22,2019,11,0,3
1,22,2019,12,0,3
1,22,2019,13,0,3
1,22,2019,14,0,3
1,22,2019,15,0,3
1,22,2019,16,0,3
1,22,2019,17,0,3
1,22,2019,18,0,3
1,22,2019,19,0,3
1,22,2019,20,0,3
1,22,2019,21,0,3
1,22,2019,22,0,3
1,22,2019,23,0,3
1,23,2019,0,0,4
1,23,2019,1,0,4
1,23,2019,2,0,4
1,23,2019,3,0,4
1,23,2019,4,0,4
1,23,2019,5,0,4
1,23,2019,6,0,4
1,23,2019,7,0,4
1,23,2019,8,0,4
1,23,2019,9,0,4
1,23,2019,10,0,4
1,23,2019,11,0,4
1,23,2019,12,0,4
1,23,2019,13,0,4
1,23,2019,14,0,4
1,23,2019,15,0,4
1,23,2019,16,0,4
1,23,2019,17,0,4
1,23,2019,18,0,4
1,23,2019,19,0,4
1,23,2019,20,0,4
1,23,2019,21,0,4
1,23,2019,22,0,4
1,23,2019,23,0,4
1,24,2019,0,0,5
1,24,2019,1,0,5
1,24,2019,2,0,5
1,24,2019,3,0,5
1,24,2019,4,0,5
1,24,2019,5,0,5
1,24,2019,6,0,5
1,24,2019,7,0,5
1,24,2019,8,0,5
1,24,2019,9,0,5
1,24,2019,10,0,5
1,24,2019,11,0,5
1,24,2019,12,0,5
1,24,2019,13,0,5
1,24,2019,14,0,5
1,24,2019,15,0,5
1,24,2019,16,0,5
1,24,2019,17,0,5
1,24,2019,18,0,5
1,24,2019,19,0,5
1,24,2019,20,0,5
1,24,2019,21,0,5
1,24,2019,22,0,5
1,24,2019,23,0,5
1,25,2019,0,0,6
1,25,2019,1,0,6
1,25,2019,2,0,6
1,25,2019,3,0,6
1,25,2019,4,0,6
1,25,2019,5,0,6
1,25,2019,6,0,6
1,25,2019,7,0,6
1,25,2019,8,0,6
1,25,2019,9,0,6
1,25,2019,10,0,6
1,25,2019,11,0,6
1,25,2019,12,0,6
1,25,2019,13,0,6
1,25,2019,14,0,6
1,25,2019,15,0,6
1,25,2019,16,0,6
1,25,2019,17,0,6
1,25,2019,18,0,6
1,25,2019,19,0,6
1,25,2019,20,0,6
1,25,2019,21,0,6
1,25,2019,22,0,6
1,25,2019,23,0,6
1,26,2019,0,0,7
1,26,2019,1,0,7
1,26,2019,2,0,7
1,26,2019,3,0,7
1,26,2019,4,0,7
1,26,2019,5,0,7
1,26,2019,6,0,7
1,26,2019,7,0,7
1,26,2019,8,0,7
1,26,2019,9,0,7
1,26,2019,10,0,7
1,26,2019,11,0,7
1,26,2019,12,0,7
1,26,2019,13,0,7
1,26,2019,14,0,7
1,26,2019,15,0,7
1,26,2019,16,0,7
1,26,2019,17,0,7
1,26,2019,18,0,7
1,26,2019,19,0,7
1,26,2019,20,0,7
1,26,2019,21,0,7
1,26,2019,22,0,7
1,26,2019,23,0,7
1,27,2019,0,0,8
1,27,2019,1,0,8
1,27,2019,2,0,8
1,27,2019,3,0,8
1,27,2019,4,0,8
1,27,2019,5,0,8
1,27,2019,6,0,8
1,27,2019,7,0,8
1,27,2019,8,0,8
1,27,2019,9,0,8
1,27,2019,10,0,8
1,27,2019,11,0,8
1,27,2019,12,0,8
1,27,2019,13,0,8
1,27,2019,14,0,8
1,27,2019,15,0,8
1,27,2019,16,0,8
1,27,2019,17,0,8
1,27,2019,18,0,8
1,27,2019,19,0,8
1,27,2019,20,0,8
1,27,2019,21,0,8
1,27,2019,22,0,8
1,27,2019,23,0,8
1,28,2019,0,0,2
1,28,2019,1,0,2
1,28,2019,2,0,2
1,28,2019,3,0,2
1,28,2019,4,0,2
1,28,2019,5,0,2
1,28,2019,6,0,2
1,28,2019,7,0,2
1,28,2019,8,0,2
1,28,2019,9,0,2
1,28,2019,10,0,2
1,28,2019,11,0,2
1,28,2019,12,0,2
1,28,2019,13,0,2
1,28,2019,14,0,2
1,28,2019,15,0,2
1,28,2019,16,0,2
1,28,2019,17,0,2
1,28,2019,18,0,2
1,28,2019,19,0,2
1,28,2019,20,0,2
1,28,2019,21,0,2
1,28,2019,22,0,2
1,28,2019,23,0,2
1,29,2019,0,0,3
1,29,2019,1,0,3
1,29,2019,2,0,3
1,29,2019,3,0,3
1,29,2019,4,0,3
1,29,2019,5,0,3
1,29,2019,6,0,3
1,29,2019,7,0,3
1,29,2019,8,0,3
1,29,2019,9,0,3
1,29,2019,10,0,3
1,29,2019,11,0,3
1,29,2019,12,0,3
1,29,2019,13,0,3
1,29,2019,14,0,3
1,29,2019,15,0,3
1,29,2019,16,0,3
1,29,2019,17,0,3
1,29,2019,18,0,3
1,29,2019,19,0,3
1,29,2019,20,0,3
1,29,2019,21,0,3
1,29,2019,22,0,3
1,29,2019,23,0,3
1,30,2019,0,0,4
1,30,2019,1,0,4
1,30,2019,2,0,4
1,30,2019,3,0,4
1,30,2019,4,0,4
1,30,2019,5,0,4
1,30,2019,6,0,4
1,30,2019,7,0,4
1,30,2019,8,0,4
1,30,2019,9,0,4
1,30,2019,10,0,4
1,30,2019,11,0,4
1,30,2019,12,0,4
1,30,2019,13,0,4
1,30,2019,14,0,4
1,30,2019,15,0,4
1,30,2019,16,0,4
1,30,2019,17,0,4
1,30,2019,18,0,4
1,30,2019,19,0,4
1,30,2019,20,0,4
1,30,2019,21,0,4
1,30,2019,22,0,4
1,30,2019,23,0,4
1,31,2019,0,0,5
1,31,2019,1,0,5
1,31,2019,2,0,5
1,31,2019,3,0,5
1,31,2019,4,0,5
1,31,2019,5,0,5
1,31,2019,6,0,5
1,31,2019,7,0,5
1,31,2019,8,0,5
1,31,2019,9,0,5
1,31,2019,10,0,5
1,31,2019,11,0,5
1,31,2019,12,0,5
1,31,2019,13,0,5
1,31,2019,14,0,5
1,31,2019,15,0,5
1,31,2019,16,0,5
1,31,2019,17,0,5
1,31,2019,18,0,5
1,31,2019,19,0,5
1,31,2019,20,0,5
1,31,2019,21,0,5
1,31,2019,22,0,5
1,31,2019,23,0,5
2,1,2019,0,0,6
2,1,2019,1,0,6
2,1,2019,2,0,6
2,1,2019,3,0,6
2,1,2019,4,0,6
2,1,2019,5,0,6
2,1,2019,6,0,6
2,1,2019,7,0,6
2,1,2019,8,0,6
2,1,2019,9,0,6
2,1,2019,10,0,6
2,1,2019,11,0,6
2,1,2019,12,0,6
2,1,2019,13,0,6
2,1,2019,14,0,6
2,1,2019,15,0,6
2,1,2019,16,0,6
2,1,2019,17,0,6
2,1,2019,18,0,6
2,1,2019,19,0,6
2,1,2019,20,0,6
2,1,2019,21,0,6
2,1,2019,22,0,6
2,1,2019,23,0,6
2,2,2019,0,0,7
2,2,2019,1,0,7
2,2,2019,2,0,7
2,2,2019,3,0,7
2,2,2019,4,0,7
2,2,2019,5,0,7
2,2,2019,6,0,7
2,2,2019,7,0,7
2,2,2019,8,0,7
2,2,2019,9,0,7
2,2,2019,10,0,7
2,2,2019,11,0,7
2,2,2019,12,0,7
2,2,2019,13,0,7
2,2,2019,14,0,7
2,2,2019,15,0,7
2,2,2019,16,0,7
2,2,2019,17,0,7
2,2,2019,18,0,7
2,2,2019,19,0,7
2,2,2019,20,0,7
2,2,2019,21,0,7
2,2,2019,22,0,7
2,2,2019,23,0,7
2,3,2019,0,0,8
2,3,2019,1,0,8
2,3,2019,2,0,8
2,3,2019,3,0,8
2,3,2019,4,0,8
2,3,2019,5,0,8
2,3,2019,6,0,8
2,3,2019,7,0,8
2,3,2019,8,0,8
2,3,2019,9,0,8
2,3,2019,10,0,8
2,3,2019,11,0,8
2,3,2019,12,0,8
2,3,2019,13,0,8
2,3,2019,14,0,8
2,3,2019,15,0,8
2,3,2019,16,0,8
2,3,2019,17,0,8
2,3,2019,18,0,8
2,3,2019,19,0,8
2,3,2019,20,0,8
2,3,2019,21,0,8
2,3,2019,22,0,8
2,3,2019,23,0,8
2,4,2019,0,0,2
2,4,2019,1,0,2
2,4,2019,2,0,2
2,4,2019,3,0,2
2,4,2019,4,0,2
2,4,2019,5,0,2
2,4,2019,6,0,2
2,4,2019,7,0,2
2,4,2019,8,0,2
2,4,2019,9,0,2
2,4,2019,10,0,2
2,4,2019,11,0,2
2,4,2019,12,0,2
2,4,2019,13,0,2
2,4,2019,14,0,2
2,4,2019,15,0,2
2,4,2019,16,0,2
2,4,2019,17,0,2
2,4,2019,18,0,2
2,4,2019,19,0,2
2,4,2019,20,0,2
2,4,2019,21,0,2
2,4,2019,22,0,2
2,4,2019,23,0,2
2,5,2019,0,0,3
2,5,2019,1,0,3
2,5,2019,2,0,3
2,5,2019,3,0,3
2,5,2019,4,0,3
2,5,2019,5,0,3
2,5,2019,6,0,3
2,5,2019,7,0,3
2,5,2019,8,0,3
2,5,2019,9,0,3
2,5,2019,10,0,3
2,5,2019,11,0,3
2,5,2019,12,0,3
2,5,2019,13,0,3
2,5,2019,14,0,3
2,5,2019,15,0,3
2,5,2019,16,0,3
2,5,2019,17,0,3
2,5,2019,18,0,3
2,5,2019,19,0,3
2,5,2019,20,0,3
2,5,2019,21,0,3
2,5,2019,22,0,3
2,5,2019,23,0,3
2,6,2019,0,0,4
2,6,2019,1,0,4
2,6,2019,2,0,4
2,6,2019,3,0,4
2,6,2019,4,0,4
2,6,2019,5,0,4
2,6,2019,6,0,4
2,6,2019,7,0,4
2,6,2019,8,0,4
2,6,2019,9,0,4
2,6,2019,10,0,4
2,6,2019,11,0,4
2,6,2019,12,0,4
2,6,2019,13,0,4
2,6,2019,14,0,4
2,6,2019,15,0,4
2,6,2019,16,0,4
2,6,2019,17,0,4
2,6,2019,18,0,4
2,6,2019,19,0,4
2,6,2019,20,0,4
2,6,2019,21,0,4
2,6,2019,22,0,4
2,6,2019,23,0,4
2,7,2019,0,0,5
2,7,2019,1,0,5
2,7,2019,2,0,5
2,7,2019,3,0,5
2,7,2019,4,0,5
2,7,2019,5,0,5
2,7,2019,6,0,5
2,7,2019,7,0,5
2,7,2019,8,0,5
2,7,2019,9,0,5
2,7,2019,10,0,5
2,7,2019,11,0,5
2,7,2019,12,0,5
2,7,2019,13,0,5
2,7,2019,14,0,5
2,7,2019,15,0,5
2,7,2019,16,0,5
2,7,2019,17,0,5
2,7,2019,18,0,5
2,7,2019,19,0,5
2,7,2019,20,0,5
2,7,2019,21,0,5
2,7,2019,22,0,5
2,7,2019,23,0,5
2,8,2019,0,0,6
2,8,2019,1,0,6
2,8,2019,2,0,6
2,8,2019,3,0,6
2,8,2019,4,0,6
2,8,2019,5,0,6
2,8,2019,6,0,6
2,8,2019,7,0,6
2,8,2019,8,0,6
2,8,2019,9,0,6
2,8,2019,10,0,6
2,8,2019,11,0,6
2,8,2019,12,0,6
2,8,2019,13,0,6
2,8,2019,14,0,6
2,8,2019,15,0,6
2,8,2019,16,0,6
2,8,2019,17,0,6
2,8,2019,18,0,6
2,8,2019,19,0,6
2,8,2019,20,0,6
2,8,2019,21,0,6
2,8,2019,22,0,6
2,8,2019,23,0,6
2,9,2019,0,0,7
2,9,2019,1,0,7
2,9,2019,2,0,7
2,9,2019,3,0,7
2,9,2019,4,0,7
2,9,2019,5,0,7
2,9,2019,6,0,7
2,9,2019,7,0,7
2,9,2019,8,0,7
2,9,2019,9,0,7
2,9,2019,10,0,7
2,9,2019,11,0,7
2,9,2019,12,0,7
2,9,2019,13,0,7
2,9,2019,14,0,7
2,9,2019,15,0,7
2,9,2019,16,0,7
2,9,2019,17,0,7
2,9,2019,18,0,7
2,9,2019,19,0,7
2,9,2019,20,0,7
2,9,2019,21,0,7
2,9,2019,22,0,7
2,9,2019,23,0,7
2,10,2019,0,0,8
2,10,2019,1,0,8
2,10,2019,2,0,8
2,10,2019,3,0,8
2,10,2019,4,0,8
2,10,2019,5,0,8
2,10,2019,6,0,8
2,10,2019,7,0,8
2,10,2019,8,0,8
2,10,2019,9,0,8
2,10,2019,10,0,8
2,10,2019,11,0,8
2,10,2019,12,0,8
2,10,2019,13,0,8
2,10,2019,14,0,8
2,10,2019,15,0,8
2,10,2019,16,0,8
2,10,2019,17,0,8
2,10,2019,18,0,8
2,10,2019,19,0,8
2,10,2019,20,0,8
2,10,2019,21,0,8
2,10,2019,22,0,8
2,10,2019,23,0,8
2,11,2019,0,0,2
2,11,2019,1,0,2
2,11,2019,2,0,2
2,11,2019,3,0,2
2,11,2019,4,0,2
2,11,2019,5,0,2
2,11,2019,6,0,2
2,11,2019,7,0,2
2,11,2019,8,0,2
2,11,2019,9,0,2
2,11,2019,10,0,2
2,11,2019,11,0,2
2,11,2019,12,0,2
2,11,2019,13,0,2
2,11,2019,14,0,2
2,11,2019,15,0,2
2,11,2019,16,0,2
2,11,2019,17,0,2
2,11,2019,18,0,2
2,11,2019,19,0,2
2,11,2019,20,0,2
2,11,2019,21,0,2
2,11,2019,22,0,2
2,11,2019,23,0,2
2,12,2019,0,0,3
2,12,2019,1,0,3
2,12,2019,2,0,3
2,12,2019,3,0,3
2,12,2019,4,0,3
2,12,2019,5,0,3
2,12,2019,6,0,3
2,12,2019,7,0,3
2,12,2019,8,0,3
2,12,2019,9,0,3
2,12,2019,10,0,3
2,12,2019,11,0,3
2,12,2019,12,0,3
2,12,2019,13,0,3
2,12,2019,14,0,3
2,12,2019,15,0,3
2,12,2019,16,0,3
2,12,2019,17,0,3
2,12,2019,18,0,3
2,12,2019,19,0,3
2,12,2019,20,0,3
2,12,2019,21,0,3
2,12,2019,22,0,3
2,12,2019,23,0,3
2,13,2019,0,0,4
2,13,2019,1,0,4
2,13,2019,2,0,4
2,13,2019,3,0,4
2,13,2019,4,0,4
2,13,2019,5,0,4
2,13,2019,6,0,4
2,13,2019,7,0,4
2,13,2019,8,0,4
2,13,2019,9,0,4
2,13,2019,10,0,4
2,13,2019,11,0,4
2,13,2019,12,0,4
2,13,2019,13,0,4
2,13,2019,14,0,4
2,13,2019,15,0,4
2,13,2019,16,0,4
2,13,2019,17,0,4
2,13,2019,18,0,4
2,13,2019,19,0,4
2,13,2019,20,0,4
2,13,2019,21,0,4
2,13,2019,22,0,4
2,13,2019,23,0,4
2,14,2019,0,0,5
2,14,2019,1,0,5
2,14,2019,2,0,5
2,14,2019,3,0,5
2,14,2019,4,0,5
2,14,2019,5,0,5
2,14,2019,6,0,5
2,14,2019,7,0,5
2,14,2019,8,0,5
2,14,2019,9,0,5
2,14,2019,10,0,5
2,14,2019,11,0,5
2,14,2019,12,0,5
2,14,2019,13,0,5
2,14,2019,14,0,5
2,14,2019,15,0,5
2,14,2019,16,0,5
2,14,2019,17,0,5
2,14,2019,18,0,5
2,14,2019,19,0,5
2,14,2019,20,0,5
2,14,2019,21,0,5
2,14,2019,22,0,5
2,14,2019,23,0,5
2,15,2019,0,0,6
2,15,2019,1,0,6
2,15,2019,2,0,6
2,15,2019,3,0,6
2,15,2019,4,0,6
2,15,2019,5,0,6
2,15,2019,6,0,6
2,15,2019,7,0,6
2,15,2019,8,0,6
2,15,2019,9,0,6
2,15,2019,10,0,6
2,15,2019,11,0,6
2,15,2019,12,0,6
2,15,2019,13,0,6
2,15,2019,14,0,6
2,15,2019,15,0,6
2,15,2019,16,0,6
2,15,2019,17,0,6
2,15,2019,18,0,6
2,15,2019,19,0,6
2,15,2019,20,0,6
2,15,2019,21,0,6
2,15,2019,22,0,6
2,15,2019,23,0,6
2,16,2019,0,0,7
2,16,2019,1,0,7
2,16,2019,2,0,7
2,16,2019,3,0,7
2,16,2019,4,0,7
2,16,2019,5,0,7
2,16,2019,6,0,7
2,16,2019,7,0,7
2,16,2019,8,0,7
2,16,2019,9,0,7
2,16,2019,10,0,7
2,16,2019,11,0,7
2,16,2019,12,0,7
2,16,2019,13,0,7
2,16,2019,14,0,7
2,16,2019,15,0,7
2,16,2019,16,0,7
2,16,2019,17,0,7
2,16,2019,18,0,7
2,16,2019,19,0,7
2,16,2019,20,0,7
2,16,2019,21,0,7
2,16,2019,22,0,7
2,16,2019,23,0,7
2,17,2019,0,0,8
2,17,2019,1,0,8
2,17,2019,2,0,8
2,17,2019,3,0,8
2,17,2019,4,0,8
2,17,2019,5,0,8
2,17,2019,6,0,8
2,17,2019,7,0,8
2,17,2019,8,0,8
2,17,2019,9,0,8
2,17,2019,10,0,8
2,17,2019,11,0,8
2,17,2019,12,0,8
2,17,2019,13,0,8
2,17,2019,14,0,8
2,17,2019,15,0,8
2,17,2019,16,0,8
2,17,2019,17,0,8
2,17,2019,18,0,8
2,17,2019,19,0,8
2,17,2019,20,0,8
2,17,2019,21,0,8
2,17,2019,22,0,8
2,17,2019,23,0,8
2,18,2019,0,0,2
2,18,2019,1,0,2
2,18,2019,2,0,2
2,18,2019,3,0,2
2,18,2019,4,0,2
2,18,2019,5,0,2
2,18,2019,6,0,2
2,18,2019,7,0,2
2,18,2019,8,0,2
2,18,2019,9,0,2
2,18,2019,10,0,2
2,18,2019,11,0,2
2,18,2019,12,0,2
2,18,2019,13,0,2
2,18,2019,14,0,2
2,18,2019,15,0,2
2,18,2019,16,0,2
2,18,2019,17,0,2
2,18,2019,18,0,2
2,18,2019,19,0,2
2,18,2019,20,0,2
2,18,2019,21,0,2
2,18,2019,22,0,2
2,18,2019,23,0,2
2,19,2019,0,0,3
2,19,2019,1,0,3
2,19,2019,2,0,3
2,19,2019,3,0,3
2,19,2019,4,0,3
2,19,2019,5,0,3
2,19,2019,6,0,3
2,19,2019,7,0,3
2,19,2019,8,0,3
2,19,2019,9,0,3
2,19,2019,10,0,3
2,19,2019,11,0,3
2,19,2019,12,0,3
2,19,2019,13,0,3
2,19,2019,14,0,3
2,19,2019,15,0,3
2,19,2019,16,0,3
2,19,2019,17,0,3
2,19,2019,18,0,3
2,19,2019,19,0,3
2,19,2019,20,0,3
2,19,2019,21,0,3
2,19,2019,22,0,3
2,19,2019,23,0,3
2,20,2019,0,0,4
2,20,2019,1,0,4
2,20,2019,2,0,4
2,20,2019,3,0,4
2,20,2019,4,0,4
2,20,2019,5,0,4
2,20,2019,6,0,4
2,20,2019,7,0,4
2,20,2019,8,0,4
2,20,2019,9,0,4
2,20,2019,10,0,4
2,20,2019,11,0,4
2,20,2019,12,0,4
2,20,2019,13,0,4
2,20,2019,14,0,4
2,20,2019,15,0,4
2,20,2019,16,0,4
2,20,2019,17,0,4
2,20,2019,18,0,4
2,20,2019,19,0,4
2,20,2019,20,0,4
2,20,2019,21,0,4
2,20,2019,22,0,4
2,20,2019,23,0,4
2,21,2019,0,0,5
2,21,2019,1,0,5
2,21,2019,2,0,5
2,21,2019,3,0,5
2,21,2019,4,0,5
2,21,2019,5,0,5
2,21,2019,6,0,5
2,21,2019,7,0,5
2,21,2019,8,0,5
2,21,2019,9,0,5
2,21,2019,10,0,5
2,21,2019,11,0,5
2,21,2019,12,0,5
2,21,2019,13,0,5
2,21,2019,14,0,5
2,21,2019,15,0,5
2,21,2019,16,0,5
2,21,2019,17,0,5
2,21,2019,18,0,5
2,21,2019,19,0,5
2,21,2019,20,0,5
2,21,2019,21,0,5
2,21,2019,22,0,5
2,21,2019,23,0,5
2,22,2019,0,0,6
2,22,2019,1,0,6
2,22,2019,2,0,6
2,22,2019,3,0,6
2,22,2019,4,0,6
2,22,2019,5,0,6
2,22,2019,6,0,6
2,22,2019,7,0,6
2,22,2019,8,0,6
2,22,2019,9,0,6
2,22,2019,10,0,6
2,22,2019,11,0,6
2,22,2019,12,0,6
2,22,2019,13,0,6
2,22,2019,14,0,6
2,22,2019,15,0,6
2,22,2019,16,0,6
2,22,2019,17,0,6
2,22,2019,18,0,6
2,22,2019,19,0,6
2,22,2019,20,0,6
2,22,2019,21,0,6
2,22,2019,22,0,6
2,22,2019,23,0,6
2,23,2019,0,0,7
2,23,2019,1,0,7
2,23,2019,2,0,7
2,23,2019,3,0,7
2,23,2019,4,0,7
2,23,2019,5,0,7
2,23,2019,6,0,7
2,23,2019,7,0,7
2,23,2019,8,0,7
2,23,2019,9,0,7
2,23,2019,10,0,7
2,23,2019,11,0,7
2,23,2019,12,0,7
2,23,2019,13,0,7
2,23,2019,14,0,7
2,23,2019,15,0,7
2,23,2019,16,0,7
2,23,2019,17,0,7
2,23,2019,18,0,7
2,23,2019,19,0,7
2,23,2019,20,0,7
2,23,2019,21,0,7
2,23,2019,22,0,7
2,23,2019,23,0,7
2,24,2019,0,0,8
2,24,2019,1,0,8
2,24,2019,2,0,8
2,24,2019,3,0,8
2,24,2019,4,0,8
2,24,2019,5,0,8
2,24,2019,6,0,8
2,24,2019,7,0,8
2,24,2019,8,0,8
2,24,2019,9,0,8
2,24,2019,10,0,8
2,24,2019,11,0,8
2,24,2019,12,0,8
2,24,2019,13,0,8
2,24,2019,14,0,8
2,24,2019,15,0,8
2,24,2019,16,0,8
2,24,2019,17,0,8
2,24,2019,18,0,8
2,24,2019,19,0,8
2,24,2019,20,0,8
2,24,2019,21,0,8
2,24,2019,22,0,8
2,24,2019,23,0,8
2,25,2019,0,0,2
2,25,2019,1,0,2
2,25,2019,2,0,2
2,25,2019,3,0,2
2,25,2019,4,0,2
2,25,2019,5,0,2
2,25,2019,6,0,2
2,25,2019,7,0,2
2,25,2019,8,0,2
2,25,2019,9,0,2
2,25,2019,10,0,2
2,25,2019,11,0,2
2,25,2019,12,0,2
2,25,2019,13,0,2
2,25,2019,14,0,2
2,25,2019,15,0,2
2,25,2019,16,0,2
2,25,2019,17,0,2
2,25,2019,18,0,2
2,25,2019,19,0,2
2,25,2019,20,0,2
2,25,2019,21,0,2
2,25,2019,22,0,2
2,25,2019,23,0,2
2,26,2019,0,0,3
2,26,2019,1,0,3
2,26,2019,2,0,3
2,26,2019,3,0,3
2,26,2019,4,0,3
2,26,2019,5,0,3
2,26,2019,6,0,3
2,26,2019,7,0,3
2,26,2019,8,0,3
2,26,2019,9,0,3
2,26,2019,10,0,3
2,26,2019,11,0,3
2,26,2019,12,0,3
2,26,2019,13,0,3
2,26,2019,14,0,3
2,26,2019,15,0,3
2,26,2019,16,0,3
2,26,2019,17,0,3
2,26,2019,18,0,3
2,26,2019,19,0,3
2,26,2019,20,0,3
2,26,2019,21,0,3
2,26,2019,22,0,3
2,26,2019,23,0,3
2,27,2019,0,0,4
2,27,2019,1,0,4
2,27,2019,2,0,4
2,27,2019,3,0,4
2,27,2019,4,0,4
2,27,2019,5,0,4
2,27,2019,6,0,4
2,27,2019,7,0,4
2,27,2019,8,0,4
2,27,2019,9,0,4
2,27,2019,10,0,4
2,27,2019,11,0,4
2,27,2019,12,0,4
2,27,2019,13,0,4
2,27,2019,14,0,4
2,27,2019,15,0,4
2,27,2019,16,0,4
2,27,2019,17,0,4
2,27,2019,18,0,4
2,27,2019,19,0,4
2,27,2019,20,0,4
2,27,2019,21,0,4
2,27,2019,22,0,4
2,27,2019,23,0,4
2,28,2019,0,0,5
2,28,2019,1,0,5
2,28,2019,2,0,5
2,28,2019,3,0,5
2,28,2019,4,0,5
2,28,2019,5,0,5
2,28,2019,6,0,5
2,28,2019,7,0,5
2,28,2019,8,0,5
2,28,2019,9,0,5
2,28,2019,10,0,5
2,28,2019,11,0,5
2,28,2019,12,0,5
2,28,2019,13,0,5
2,28,2019,14,0,5
2,28,2019,15,0,5
2,28,2019,16,0,5
2,28,2019,17,0,5
2,28,2019,18,0,5
2,28,2019,19,0,5
2,28,2019,20,0,5
2,28,2019,21,0,5
2,28,2019,22,0,5
2,28,2019,23,0,5
